Product ASIN,Clicks,Indirect Items Ordered,Direct Items Ordered,Items Ordered,Product Conversion Rate,Ordered Revenue,Direct Conversion Rate,Commission Rate,Items Shipped,Items Returned,Items Shipped Revenue,Items Shipped Earnings,Items Returned Revenue,Items Returned Earnings,Total Earnings,Time Period
B0CP1YNJ8X,"15,633","1,703","1,411","3,114",19.92%,"$48,252.62",9.03%,3.09%,"3,099",100,"$48,023.73","$1,484.50","$2,037.79",$72.81,"$1,411.69",2025
B0DQM4LNYV,"15,435","1,474",70,"1,544",10.00%,"$31,370.61",0.45%,3.21%,"1,521",66,"$30,959.93",$994.05,"$2,064.55",$69.98,$924.07,2025
B0FNGCNMJ7,"6,195",963,166,"1,129",18.22%,"$25,611.39",2.68%,3.62%,"1,123",35,"$25,498.40",$922.84,$789.71,$29.11,$893.73,2025
B0DQ4LPM9Y,"13,036","1,291",54,"1,345",10.32%,"$29,871.36",0.41%,3.15%,"1,344",79,"$29,860.38",$941.64,"$1,940.19",$65.83,$875.81,2025
B0C9V811L6,"11,511","1,248",11,"1,259",10.94%,"$29,407.33",0.10%,3.32%,"1,249",63,"$28,271.87",$938.56,"$2,068.64",$75.02,$863.54,2025
B0DPQV18TH,"5,449","1,069",31,"1,100",20.19%,"$24,184.61",0.57%,3.24%,"1,102",21,"$24,220.35",$784.62,$484.35,$17.18,$767.44,2025
B0F48DPF9R,"10,008","1,119",221,"1,340",13.39%,"$23,039.73",2.21%,3.34%,"1,340",90,"$23,043.22",$769.20,"$2,219.41",$88.02,$681.18,2025
B0DQX8YQYK,"10,436","1,110",210,"1,320",12.65%,"$19,883.97",2.01%,3.21%,"1,315",36,"$19,803.80",$636.59,$672.07,$23.06,$613.53,2025
B0DBJDDBNZ,"4,677",-,-,881,18.84%,"$16,859.50",-,3.65%,878,23,"$16,782.76",$612.59,$495.65,$20.23,$592.36,2025
B0FJDKVVQ1,"9,445",-,-,928,9.83%,"$19,728.73",-,3.15%,907,68,"$19,102.25",$601.66,"$2,023.39",$70.31,$531.35,2025
B0F1WYX8J6,"4,650",-,-,794,17.08%,"$15,745.86",-,3.42%,792,24,"$15,612.90",$533.24,$616.76,$23.00,$510.24,2025
B0DMBXVFDK,"6,499",-,-,778,11.97%,"$16,467.50",-,3.23%,777,34,"$16,448.56",$530.88,$823.23,$33.72,$497.16,2025
B08KTVXNFX,"4,338",-,-,744,17.15%,"$14,349.03",-,3.49%,746,31,"$14,355.48",$501.35,$691.10,$27.49,$473.86,2025
B01M69CRE2,"5,885",-,-,757,12.86%,"$15,137.35",-,3.24%,756,28,"$15,130.11",$490.40,$698.64,$25.62,$464.78,2025
B0FK124QCT,"3,239",-,-,495,15.28%,"$12,705.09",-,3.54%,491,5,"$12,632.13",$447.45,$130.11,$6.79,$440.66,2025
B0BLJSNSK8,"9,187",-,-,874,9.51%,"$16,916.40",-,3.03%,746,5,"$14,370.72",$435.81,$142.92,$4.48,$431.33,2025
B01GTX8KQ2,"5,752",-,-,603,10.48%,"$14,627.66",-,3.13%,609,43,"$14,782.54",$462.67,"$1,138.17",$37.41,$425.26,2025
B0FZWJ9857,"7,329",-,-,756,10.32%,"$14,758.24",-,3.04%,755,53,"$14,730.61",$448.24,"$1,424.54",$54.04,$394.20,2025
B0FMFBRTWT,"6,002",-,-,631,10.51%,"$14,854.24",-,2.79%,597,46,"$13,979.75",$390.40,$254.20,$6.37,$384.03,2025
B0F2GPDFZZ,"5,220",-,-,645,12.36%,"$12,938.51",-,3.14%,624,8,"$12,423.26",$389.94,$208.52,$7.06,$382.88,2025
B0D7Q23WYH,"5,607",-,-,537,9.58%,"$12,366.55",-,3.32%,537,40,"$12,366.55",$410.00,$934.69,$32.00,$378.00,2025
B0CV5N8NL4,"7,215",-,-,546,7.57%,"$12,329.74",-,3.30%,545,26,"$12,299.75",$405.94,"$1,076.52",$35.50,$370.44,2025
B0BQ1TFYH5,"6,712",-,-,"1,016",15.14%,"$12,341.21",-,3.17%,999,15,"$11,959.92",$379.47,$314.05,$10.27,$369.20,2025
B08V1R73H9,"4,258",-,-,491,11.53%,"$11,613.29",-,3.25%,490,16,"$11,563.90",$376.01,$307.77,$11.26,$364.75,2025
B0DGJC52FP,"6,396",-,-,563,8.80%,"$12,195.72",-,3.17%,563,42,"$12,195.72",$386.18,$762.95,$25.91,$360.27,2025
B0CP4BSFB9,"6,260",-,-,631,10.08%,"$12,086.97",-,3.19%,635,28,"$12,110.21",$386.52,$774.48,$27.32,$359.20,2025
B08DQD37CY,"5,156",-,-,411,7.97%,"$11,624.51",-,3.23%,409,19,"$11,571.16",$374.01,$413.13,$15.20,$358.81,2025
073644243X,"4,213",-,-,502,11.92%,"$11,657.74",-,3.21%,502,18,"$11,657.74",$374.37,$456.82,$15.90,$358.47,2025
B0FHMDL9HW,"6,719",-,-,733,10.91%,"$15,118.10",-,2.60%,716,34,"$14,693.63",$381.55,$837.88,$30.17,$351.38,2025
B0CLRNS4DD,"3,137",-,-,516,16.45%,"$10,796.86",-,3.16%,514,32,"$10,713.35",$338.28,$740.04,$26.42,$311.86,2025
B097C2YG2M,"3,202",-,-,415,12.96%,"$10,243.95",-,3.18%,415,13,"$10,243.95",$326.13,$507.12,$18.25,$307.88,2025
B08MFRWH8X,917,-,-,487,53.11%,"$10,248.42",-,3.11%,487,21,"$10,248.42",$318.46,$629.98,$22.46,$296.00,2025
B0F488M21K,"5,023",-,-,529,10.53%,"$10,385.88",-,3.07%,529,34,"$10,385.88",$319.08,$859.89,$30.20,$288.88,2025
B0DWG25PNY,"3,224",-,-,558,17.31%,"$9,517.81",-,3.26%,552,20,"$9,378.22",$305.76,$614.25,$19.48,$286.28,2025
B0G1D75TYS,"5,648",-,-,695,12.31%,"$10,649.64",-,2.78%,688,12,"$10,556.68",$293.23,$250.86,$9.89,$283.34,2025
B0FDT1WVVK,"3,736",-,-,333,8.91%,"$9,173.98",-,3.30%,333,17,"$9,173.98",$302.52,$588.79,$19.91,$282.61,2025
B0DMDVWM9W,"5,040",-,-,495,9.82%,"$9,455.45",-,3.12%,495,23,"$9,455.44",$294.61,$457.28,$15.98,$278.63,2025
B09YSYJZ92,"1,804",-,-,405,22.45%,"$9,602.64",-,3.26%,402,23,"$9,546.52",$311.32,"$1,042.59",$37.25,$274.07,2025
B0DN23L5Z7,"5,761",-,-,522,9.06%,"$9,425.80",-,3.25%,520,28,"$9,393.00",$305.13,$847.81,$31.09,$274.04,2025
B0D8X87JB9,"4,485",-,-,455,10.14%,"$8,859.65",-,3.17%,455,20,"$8,859.65",$280.94,$391.21,$13.95,$266.99,2025
B07T8BM88V,"4,418",-,-,513,11.61%,"$8,532.98",-,3.36%,512,26,"$8,525.37",$286.33,$615.19,$20.44,$265.89,2025
B0F4ZWF4WB,"4,907",-,-,396,8.07%,"$8,382.11",-,3.32%,396,18,"$8,382.11",$278.14,$404.76,$13.40,$264.74,2025
B0FN3X95DN,"3,512",-,-,368,10.48%,"$8,632.52",-,3.14%,367,14,"$8,612.72",$270.79,$309.60,$11.11,$259.68,2025
B0FP2VJX98,"4,851",-,-,446,9.19%,"$7,829.66",-,3.52%,446,27,"$7,829.66",$275.67,$546.83,$19.25,$256.42,2025
B09GXPNNZG,"4,330",-,-,539,12.45%,"$8,991.96",-,3.21%,537,32,"$8,941.98",$287.34,$827.95,$30.99,$256.35,2025
B0CJN7F8MF,"3,588",-,-,360,10.03%,"$8,528.56",-,3.17%,360,18,"$8,528.56",$270.04,$391.29,$14.98,$255.06,2025
B0CTS2Z235,"3,275",-,-,394,12.03%,"$8,314.37",-,3.24%,391,11,"$8,250.64",$267.31,$394.77,$14.79,$252.52,2025
B0DG645PYV,"3,841",-,-,454,11.82%,"$8,396.78",-,3.22%,454,27,"$8,396.78",$270.51,$542.15,$19.91,$250.60,2025
B0DYG4Q6PL,"3,622",-,-,316,8.72%,"$8,609.57",-,3.12%,314,14,"$8,233.75",$257.06,$226.97,$8.23,$248.83,2025
B0CPLC8GTF,"4,219",-,-,516,12.23%,"$8,473.21",-,3.10%,514,16,"$8,408.22",$261.02,$343.60,$12.48,$248.54,2025
B0DSLTHSYM,"6,504",-,-,676,10.39%,"$13,900.52",-,2.85%,450,7,"$8,608.84",$245.28,$106.18,$4.54,$240.74,2025
B0D2DV2GJ1,"4,830",-,-,523,10.83%,"$9,318.98",-,3.07%,457,3,"$7,832.91",$240.16,$29.60,$0.88,$239.28,2025
B0CPQ4SSRT,"2,124",-,-,589,27.73%,"$8,034.77",-,3.01%,590,14,"$8,037.42",$242.12,$122.94,$3.05,$239.07,2025
B0DCW358CH,"5,918",-,-,570,9.63%,"$8,772.44",-,3.23%,569,47,"$8,741.84",$282.24,"$1,297.04",$44.57,$237.67,2025
B0CZ1T6XY7,"3,382",-,-,354,10.47%,"$7,536.94",-,3.41%,353,18,"$7,505.95",$256.25,$504.26,$18.73,$237.52,2025
B09NP42CH7,"3,207",-,-,407,12.69%,"$7,675.70",-,3.25%,407,17,"$7,675.70",$249.84,$340.79,$12.33,$237.51,2025
B0B627D6ZZ,"4,928",-,-,426,8.64%,"$7,795.84",-,3.30%,422,17,"$7,736.49",$255.37,$541.56,$18.14,$237.23,2025
B0C76FHH3Z,"4,645",-,-,339,7.30%,"$7,743.21",-,3.18%,339,13,"$7,743.21",$246.14,$392.12,$14.07,$232.07,2025
B0D4KNH79M,"4,962",-,-,495,9.98%,"$7,848.15",-,3.34%,494,44,"$7,839.16",$261.66,$819.41,$30.20,$231.46,2025
B0DQVNSJL4,"2,666",-,-,418,15.68%,"$7,588.76",-,3.25%,418,10,"$7,588.76",$246.71,$483.75,$15.71,$231.00,2025
B0BGVLKVN2,"2,827",-,-,397,14.04%,"$7,177.55",-,3.33%,396,18,"$7,157.61",$238.22,$255.32,$9.22,$229.00,2025
B0F1DP1GYG,"2,283",-,-,496,21.73%,"$7,974.71",-,3.04%,489,17,"$7,852.75",$238.98,$366.96,$10.98,$228.00,2025
B0C46KPKXQ,"1,417",-,-,380,26.82%,"$6,845.30",-,3.41%,378,15,"$6,823.92",$232.96,$274.36,$8.15,$224.81,2025
B09VXTT9QZ,"5,014",-,-,397,7.92%,"$7,400.68",-,3.20%,398,19,"$7,401.67",$237.02,$400.69,$14.04,$222.98,2025
B01M5DAMBV,"2,985",-,-,339,11.36%,"$6,994.99",-,3.35%,339,17,"$6,994.99",$234.64,$359.74,$13.51,$221.13,2025
B00BFUSDO4,"3,798",-,-,574,15.11%,"$8,750.96",-,2.77%,556,24,"$8,501.32",$235.43,$449.56,$16.72,$218.71,2025
B0DG572K85,"4,147",-,-,428,10.32%,"$7,880.72",-,3.15%,425,31,"$7,856.15",$247.81,$861.18,$31.16,$216.65,2025
B07MYW85VT,"6,141",-,-,752,12.25%,"$12,328.38",-,2.14%,608,1,"$9,943.71",$213.17,$9.99,$0.40,$212.77,2025
B09NP2VXJL,"2,870",-,-,349,12.16%,"$7,072.19",-,3.11%,349,16,"$7,072.19",$219.91,$347.40,$12.51,$207.40,2025
B09KTW799W,"3,121",-,-,336,10.77%,"$7,186.65",-,3.14%,336,15,"$7,186.65",$225.50,$498.72,$18.53,$206.97,2025
B08QY6HT97,"2,396",-,-,369,15.40%,"$8,867.01",-,2.43%,369,12,"$8,867.01",$215.82,$232.91,$8.86,$206.96,2025
B0C3F2DL8Z,"5,024",-,-,824,16.40%,"$10,472.91",-,2.06%,819,18,"$10,408.25",$214.16,$262.25,$8.12,$206.04,2025
"593,890,175","3,070",-,-,427,13.91%,"$6,463.24",-,3.38%,427,21,"$6,463.24",$218.67,$387.40,$14.44,$204.23,2025
B01LXSDSLX,"3,618",-,-,321,8.87%,"$6,875.48",-,3.26%,320,26,"$6,855.49",$223.56,$558.88,$20.40,$203.16,2025
B0CYNZL311,"2,649",-,-,415,15.67%,"$6,771.29",-,3.10%,407,9,"$6,678.73",$206.87,$144.36,$5.48,$201.39,2025
B0B5FG445M,"3,300",-,-,350,10.61%,"$7,185.19",-,3.34%,350,58,"$7,185.19",$239.82,"$1,175.34",$44.74,$195.08,2025
B0BLJT9C56,"3,351",-,-,378,11.28%,"$6,608.79",-,3.26%,374,23,"$6,506.84",$211.90,$665.79,$20.87,$191.03,2025
B0FFVJRNL6,"3,406",-,-,721,21.17%,"$6,986.71",-,2.81%,719,14,"$6,972.23",$196.14,$193.07,$6.62,$189.52,2025
B00SDJG51S,"3,307",-,-,424,12.82%,"$6,490.23",-,3.20%,424,25,"$6,490.23",$207.80,$548.66,$18.61,$189.19,2025
B0F6CBR1YN,"4,034",-,-,355,8.80%,"$7,211.77",-,3.07%,354,25,"$7,191.78",$220.97,$873.20,$31.92,$189.05,2025
B0DBRGS3T2,"2,878",-,-,478,16.61%,"$6,562.88",-,3.14%,476,27,"$6,334.39",$198.99,$401.71,$14.72,$184.27,2025
B0CFBJBSSY,"2,253",-,-,506,22.46%,"$8,356.40",-,2.29%,498,5,"$8,100.39",$185.84,$79.98,$2.65,$183.19,2025
B0CP43PDCW,"2,325",-,-,347,14.92%,"$6,250.56",-,3.22%,346,19,"$6,228.17",$200.82,$579.27,$18.87,$181.95,2025
B0F4KK2TXG,"3,935",-,-,390,9.91%,"$6,419.86",-,3.19%,394,53,"$6,432.24",$205.26,$784.65,$25.33,$179.93,2025
B08PKBG9BD,"4,631",-,-,329,7.10%,"$5,879.75",-,3.39%,327,23,"$5,818.69",$197.16,$560.07,$21.93,$175.23,2025
B0BZYFFLQG,"3,510",-,-,360,10.26%,"$6,257.09",-,3.33%,360,31,"$6,257.09",$208.42,$962.86,$33.94,$174.48,2025
B0C1P7RGMY,"3,867",-,-,439,11.35%,"$6,715.97",-,2.90%,439,24,"$6,715.97",$195.09,$768.15,$29.97,$165.12,2025
B0D7PTSD1X,"3,661",-,-,355,9.70%,"$5,346.78",-,3.35%,354,17,"$5,327.79",$178.53,$405.11,$17.79,$160.74,2025
B0DLHKBGTY,"3,010",-,-,481,15.98%,"$6,872.75",-,2.53%,479,21,"$6,856.61",$173.34,$406.19,$14.02,$159.32,2025
B0FCD8JL1C,"2,553",-,-,335,13.12%,"$5,351.18",-,3.18%,333,15,"$5,295.81",$168.56,$361.84,$14.13,$154.43,2025
B0DCZSCB4V,"2,562",-,-,431,16.82%,"$5,212.97",-,3.13%,430,12,"$5,204.13",$163.06,$237.61,$8.69,$154.37,2025
B0D9P7D922,414,-,-,155,37.44%,"$2,251.91",-,3.08%,356,11,"$4,855.49",$149.75,$146.36,$4.76,$144.99,2025
B08PX2V7PG,"3,263",-,-,372,11.40%,"$6,504.20",-,2.37%,373,10,"$6,516.70",$154.14,$238.02,$9.28,$144.86,2025
B0F6C8L1LR,"2,384",-,-,349,14.64%,"$4,709.88",-,3.16%,349,15,"$4,709.88",$148.79,$259.07,$9.39,$139.40,2025
B0747ZC625,"2,980",-,-,598,20.07%,"$7,609.21",-,2.04%,579,15,"$7,374.56",$150.48,$412.62,$15.03,$135.45,2025
B0F9Z41PP3,"2,758",-,-,311,11.28%,"$4,624.74",-,3.16%,313,14,"$4,644.63",$146.73,$297.34,$12.69,$134.04,2025
B0BJMTY6X1,"2,333",-,-,551,23.62%,"$7,251.02",-,1.94%,548,6,"$7,026.19",$136.64,$138.78,$4.70,$131.94,2025
B0DY9LB1WW,"2,028",-,-,399,19.67%,"$4,232.93",-,2.93%,398,8,"$4,223.94",$123.70,$121.34,$3.53,$120.17,2025
B009RWV3LW,"2,182",-,-,691,31.67%,"$3,040.77",-,2.20%,690,10,"$3,025.78",$66.48,$129.32,$3.94,$62.54,2025
B000R30X2A,"1,370",-,-,627,45.77%,"$2,523.80",-,2.40%,627,8,"$2,523.80",$60.59,$209.40,$7.22,$53.37,2025
B08J8G3K3N,"2,378",-,-,277,11.65%,"$9,248.88",-,3.10%,277,8,"$9,248.88",$286.47,$384.99,$12.22,$274.25,2025
B0DSLXS4G9,"1,525",-,-,321,21.05%,"$5,782.93",-,4.62%,321,23,"$5,782.93",$266.94,$569.00,$33.35,$233.59,2025
B0CH4NYL6J,"2,552",-,-,314,12.30%,"$8,419.76",-,3.05%,313,19,"$8,414.76",$256.46,$742.00,$26.40,$230.06,2025
B0CLLSPX2P,"1,923",-,-,321,16.69%,"$7,742.78",-,3.10%,320,27,"$7,731.59",$239.89,$834.05,$31.35,$208.54,2025
B0CSG8GVPJ,"2,355",-,-,302,12.82%,"$6,268.18",-,3.37%,304,6,"$6,290.56",$211.99,$142.12,$7.38,$204.61,2025
B0D45PK5V4,"2,677",-,-,250,9.34%,"$6,520.30",-,3.55%,249,15,"$6,020.31",$213.48,$340.66,$12.14,$201.34,2025
B0DMTYFCZT,"2,144",-,-,275,12.83%,"$5,834.97",-,3.56%,276,2,"$5,839.96",$208.14,$176.17,$6.92,$201.22,2025
B0BMJDW47V,"3,432",-,-,308,8.97%,"$6,178.32",-,3.31%,308,12,"$6,178.32",$204.31,$202.36,$6.57,$197.74,2025
B0FTRYT5TZ,"2,836",-,-,280,9.87%,"$6,116.67",-,3.41%,274,7,"$5,936.78",$202.44,$142.65,$5.62,$196.82,2025
B0FN48CD1G,"3,145",-,-,281,8.93%,"$6,527.40",-,3.20%,281,18,"$6,521.40",$209.01,$386.84,$14.28,$194.73,2025
B0BL8MZJJY,"2,504",-,-,293,11.70%,"$5,969.38",-,3.14%,293,4,"$5,969.38",$187.53,$56.81,$1.91,$185.62,2025
B0BZ3VRFMY,"2,529",-,-,315,12.46%,"$5,661.05",-,3.45%,315,11,"$5,661.05",$195.23,$287.42,$9.89,$185.34,2025
B0D8BL6YMF,"2,697",-,-,269,9.97%,"$6,267.52",-,3.51%,269,21,"$6,267.52",$220.16,$893.90,$35.25,$184.91,2025
B0D4QHW8SJ,"3,027",-,-,297,9.81%,"$6,290.50",-,3.23%,296,16,"$6,170.51",$199.13,$416.87,$15.36,$183.77,2025
B013RQPB5C,"2,614",-,-,330,12.62%,"$6,164.63",-,3.08%,329,12,"$6,151.63",$189.47,$208.89,$8.27,$181.20,2025
B0CQTSKJ5N,"2,936",-,-,286,9.74%,"$6,363.33",-,3.16%,286,22,"$6,363.33",$200.90,$666.57,$22.44,$178.46,2025
B0DDTDPMRM,"3,637",-,-,257,7.07%,"$5,690.77",-,3.28%,257,18,"$5,690.77",$186.91,$404.76,$13.04,$173.87,2025
B0CSG97M2P,"1,977",-,-,278,14.06%,"$5,481.37",-,3.24%,277,5,"$5,473.90",$177.20,$156.41,$5.74,$171.46,2025
B0DSCGXCT4,"2,173",-,-,300,13.81%,"$5,705.87",-,3.19%,300,12,"$5,705.86",$182.13,$353.60,$12.67,$169.46,2025
B084ZQVW1W,"2,659",-,-,309,11.62%,"$6,046.22",-,3.24%,309,18,"$6,046.22",$195.93,$730.05,$28.20,$167.73,2025
B08KTXDFSG,"2,901",-,-,287,9.89%,"$5,698.30",-,3.16%,287,17,"$5,698.30",$180.07,$393.36,$12.78,$167.29,2025
B0DTB3RLY7,"1,739",-,-,305,17.54%,"$5,014.31",-,3.43%,305,13,"$5,014.31",$171.78,$216.30,$6.57,$165.21,2025
B0G4R5MWWC,"1,752",-,-,305,17.41%,"$4,706.51",-,3.51%,289,6,"$4,679.28",$164.21,$114.32,$3.46,$160.75,2025
B0DQPPFT5X,"2,405",-,-,267,11.10%,"$5,061.68",-,3.30%,267,7,"$5,061.68",$167.16,$187.72,$6.92,$160.24,2025
B09P9SBWXV,"3,187",-,-,330,10.35%,"$5,645.24",-,2.96%,329,11,"$5,615.48",$166.44,$219.17,$10.72,$155.72,2025
B0D8Q3J3HF,"2,426",-,-,235,9.69%,"$5,477.70",-,3.24%,235,23,"$5,477.70",$177.65,$621.32,$22.02,$155.63,2025
B0DNV248J5,"3,051",-,-,253,8.29%,"$4,836.00",-,3.30%,252,6,"$4,816.80",$159.15,$223.82,$5.96,$153.19,2025
B0CQ6ZRZZL,"2,378",-,-,276,11.61%,"$5,046.54",-,3.23%,278,15,"$5,132.54",$165.69,$344.48,$12.51,$153.18,2025
B07KXRBH6M,"3,577",-,-,246,6.88%,"$5,411.66",-,2.86%,246,3,"$5,411.66",$154.60,$41.52,$1.61,$152.99,2025
B0B1S8VDML,"2,538",-,-,302,11.90%,"$5,477.91",-,3.15%,301,18,"$5,464.13",$171.94,$500.32,$19.00,$152.94,2025
B0DZFZXNK1,"2,826",-,-,259,9.16%,"$5,439.05",-,3.13%,256,14,"$5,410.20",$169.43,$547.62,$17.36,$152.07,2025
B09FYBJXC7,"1,923",-,-,277,14.40%,"$4,443.13",-,3.49%,272,6,"$4,407.76",$153.83,$61.25,$2.15,$151.68,2025
B0F6VVXDCY,"2,112",-,-,292,13.83%,"$4,992.34",-,3.22%,291,9,"$4,979.44",$160.16,$259.27,$9.17,$150.99,2025
B0FCHNHX17,"2,285",-,-,250,10.94%,"$5,246.04",-,2.97%,247,5,"$5,199.08",$154.50,$108.06,$3.79,$150.71,2025
B089F9YDFC,"1,967",-,-,215,10.93%,"$4,902.69",-,3.09%,214,2,"$4,882.96",$151.03,$22.98,$0.65,$150.38,2025
B0DQNNZP7Y,"2,913",-,-,285,9.78%,"$4,752.46",-,3.30%,285,11,"$4,752.46",$156.63,$204.42,$6.54,$150.09,2025
B01HYE7QO2,"3,537",-,-,269,7.61%,"$5,219.48",-,3.18%,265,13,"$5,193.17",$165.28,$326.65,$15.50,$149.78,2025
B0F7ZKJ5B1,"2,968",-,-,225,7.58%,"$4,397.83",-,3.53%,225,10,"$4,397.83",$155.29,$182.35,$5.91,$149.38,2025
B0DGQ5QQD7,"3,389",-,-,322,9.50%,"$4,980.92",-,3.23%,322,14,"$4,980.92",$160.68,$343.85,$13.28,$147.40,2025
B0D4YFGH7L,"3,157",-,-,217,6.87%,"$4,587.21",-,3.61%,217,24,"$4,587.21",$165.64,$520.62,$19.48,$146.16,2025
B0DKXKNNMV,"2,475",-,-,275,11.11%,"$4,926.26",-,3.02%,275,6,"$4,926.26",$148.99,$102.93,$3.60,$145.39,2025
B015DY2QNQ,"1,711",-,-,244,14.26%,"$4,630.42",-,3.29%,241,6,"$4,533.45",$149.03,$106.86,$3.68,$145.35,2025
B0DPRF4TD1,710,-,-,309,43.52%,"$4,479.53",-,3.42%,308,12,"$4,458.80",$152.39,$216.06,$7.26,$145.13,2025
B0CMYQNMYW,"2,569",-,-,297,11.56%,"$5,320.30",-,3.12%,298,22,"$5,350.29",$166.68,$561.84,$21.77,$144.91,2025
B07VFWLRLS,"2,004",-,-,222,11.08%,"$5,025.61",-,3.13%,222,16,"$5,025.61",$157.45,$365.42,$12.59,$144.86,2025
B0FWLX8BCW,"2,234",-,-,223,9.98%,"$4,752.96",-,3.25%,223,10,"$4,752.96",$154.31,$358.76,$12.31,$142.00,2025
B01IN8XZT8,"1,886",-,-,251,13.31%,"$4,770.03",-,3.14%,251,8,"$4,770.03",$149.90,$218.77,$8.01,$141.89,2025
B0F9KYH522,"2,775",-,-,288,10.38%,"$5,069.32",-,3.22%,287,17,"$5,009.33",$161.36,$516.36,$20.33,$141.03,2025
B0FV3WY7G3,"1,825",-,-,253,13.86%,"$4,141.28",-,3.38%,253,5,"$4,141.28",$139.91,$108.08,$3.70,$136.21,2025
B0C837BFNJ,"2,783",-,-,302,10.85%,"$4,851.07",-,2.95%,301,9,"$4,838.08",$142.51,$209.47,$7.63,$134.88,2025
B0D2PZQ37K,"2,151",-,-,244,11.34%,"$4,357.07",-,3.25%,245,14,"$4,363.56",$142.01,$272.88,$9.63,$132.38,2025
B09DKNVRHF,"1,281",-,-,223,17.41%,"$4,630.94",-,3.07%,223,8,"$4,630.94",$141.98,$247.94,$9.61,$132.37,2025
B0F7YBSHQD,"2,776",-,-,249,8.97%,"$4,062.37",-,3.32%,249,6,"$4,062.37",$135.00,$132.15,$4.74,$130.26,2025
B0F8PL5FRF,"2,840",-,-,285,10.04%,"$4,608.73",-,2.94%,285,11,"$4,608.73",$135.39,$171.67,$6.33,$129.06,2025
B0DQLN8CK6,"2,390",-,-,227,9.50%,"$4,517.33",-,3.12%,226,19,"$4,502.34",$140.39,$315.22,$11.98,$128.41,2025
B095814V6K,"2,611",-,-,231,8.85%,"$4,423.90",-,3.23%,231,17,"$4,423.90",$142.85,$377.48,$15.18,$127.67,2025
B0CRSFTS8H,"2,389",-,-,220,9.21%,"$4,302.70",-,3.08%,217,8,"$4,272.59",$131.47,$144.33,$5.09,$126.38,2025
B0DRS3Z48B,"2,399",-,-,285,11.88%,"$4,114.93",-,3.25%,285,12,"$4,114.93",$133.66,$229.83,$8.14,$125.52,2025
B0DC7VM6T7,"2,175",-,-,280,12.87%,"$4,189.79",-,3.06%,279,6,"$4,155.98",$127.19,$75.72,$2.68,$124.51,2025
B0CT9XTKKM,"2,614",-,-,207,7.92%,"$4,290.10",-,3.33%,204,22,"$4,200.45",$140.04,$454.93,$16.66,$123.38,2025
B0DP5HK483,"2,120",-,-,206,9.72%,"$4,262.75",-,3.25%,206,17,"$4,262.75",$138.33,$475.28,$15.17,$123.16,2025
B0F3GGNSFD,"3,096",-,-,258,8.33%,"$3,995.12",-,3.27%,259,8,"$3,996.11",$130.53,$202.18,$7.98,$122.55,2025
B0C1267KGP,"2,331",-,-,201,8.62%,"$4,086.91",-,3.20%,201,18,"$4,086.91",$130.89,$244.40,$8.46,$122.43,2025
B0CY8C79NY,"1,458",-,-,313,21.47%,"$3,792.31",-,3.15%,313,3,"$3,792.31",$119.30,$29.12,$0.87,$118.43,2025
B0CRC2617R,"2,912",-,-,282,9.68%,"$4,234.74",-,3.22%,282,20,"$4,234.74",$136.47,$511.73,$18.62,$117.85,2025
B0CS3235F3,"2,237",-,-,226,10.10%,"$3,914.69",-,3.08%,226,10,"$3,914.69",$120.56,$171.52,$5.47,$115.09,2025
B0DTB3742V,"1,873",-,-,233,12.44%,"$3,757.21",-,3.12%,227,7,"$3,724.56",$116.15,$92.76,$3.36,$112.79,2025
B07ST4LJ4F,"2,031",-,-,258,12.70%,"$4,124.01",-,3.06%,257,13,"$4,112.21",$125.90,$401.18,$13.62,$112.28,2025
B0F9MSY9B4,"1,717",-,-,207,12.06%,"$3,596.35",-,3.45%,207,20,"$3,596.35",$123.94,$335.17,$11.85,$112.09,2025
B0C9LMP379,"1,894",-,-,235,12.41%,"$4,294.64",-,3.15%,235,24,"$4,294.64",$135.11,$649.39,$23.96,$111.15,2025
B0DLXLR4R9,"1,117",-,-,234,20.95%,"$3,495.04",-,3.33%,234,6,"$3,485.54",$116.18,$144.38,$5.30,$110.88,2025
B0DC69M33Y,"1,656",-,-,254,15.34%,"$3,550.45",-,3.28%,254,8,"$3,550.45",$116.46,$179.58,$7.03,$109.43,2025
B0D8W3TNXH,"2,486",-,-,211,8.49%,"$3,637.91",-,3.29%,211,22,"$3,637.91",$119.57,$373.30,$14.46,$105.11,2025
B0CKXZLRDG,"1,797",-,-,218,12.13%,"$4,316.49",-,2.51%,218,8,"$4,316.49",$108.33,$291.34,$9.62,$98.71,2025
B08BZCPD9W,"1,933",-,-,226,11.69%,"$3,356.63",-,3.34%,227,17,"$3,371.62",$112.78,$345.58,$14.15,$98.63,2025
B0CPQ4W4Z9,"1,199",-,-,234,19.52%,"$3,108.22",-,3.25%,235,8,"$3,178.21",$103.44,$154.83,$5.44,$98.00,2025
B07D2SZ26Y,"2,524",-,-,211,8.36%,"$3,438.02",-,3.18%,206,11,"$3,342.19",$106.43,$247.41,$9.47,$96.96,2025
B0DQ6PB6S4,"2,030",-,-,248,12.22%,"$3,175.18",-,3.16%,247,6,"$3,150.18",$99.51,$75.19,$2.67,$96.84,2025
B07HFKB7D6,"2,390",-,-,310,12.97%,"$3,733.16",-,2.80%,309,11,"$3,783.84",$105.86,$242.49,$9.33,$96.53,2025
B002VUAM46,"1,927",-,-,273,14.17%,"$3,398.08",-,3.16%,255,7,"$3,162.21",$99.88,$130.56,$4.78,$95.10,2025
B07NX83VK5,"2,383",-,-,199,8.35%,"$3,270.27",-,2.97%,199,10,"$3,270.27",$97.14,$104.22,$3.66,$93.48,2025
B0CQKJMV7M,"1,805",-,-,269,14.90%,"$3,022.12",-,3.39%,268,13,"$2,922.12",$98.96,$194.12,$6.29,$92.67,2025
B07D4RN9NH,"1,988",-,-,222,11.17%,"$3,734.11",-,3.07%,220,16,"$3,714.10",$113.90,$581.49,$21.26,$92.64,2025
B07G1Z6PPZ,906,-,-,205,22.63%,"$3,382.89",-,3.08%,205,17,"$3,382.89",$104.08,$433.37,$15.28,$88.80,2025
B07ZGHZVRY,"2,685",-,-,250,9.31%,"$4,052.56",-,2.58%,250,16,"$4,052.56",$104.65,$618.50,$19.35,$85.30,2025
B085LT5H81,"1,680",-,-,302,17.98%,"$3,420.37",-,2.58%,302,6,"$3,420.37",$88.34,$109.79,$4.02,$84.32,2025
B0CJ1LSYLG,"2,815",-,-,273,9.70%,"$3,607.74",-,2.51%,261,7,"$3,473.88",$87.35,$109.13,$3.94,$83.41,2025
B0BYZ9B6JP,"1,219",-,-,202,16.57%,"$2,531.58",-,3.56%,201,19,"$2,525.51",$89.80,$192.36,$6.90,$82.90,2025
B0CRWPDQVP,"1,354",-,-,227,16.77%,"$2,837.78",-,3.23%,227,6,"$2,837.78",$91.61,$298.57,$9.60,$82.01,2025
B0DJPQ3J4Q,"2,110",-,-,212,10.05%,"$3,412.37",-,2.99%,212,17,"$3,412.37",$102.08,$678.27,$21.34,$80.74,2025
B082QBB8KW,"1,340",-,-,263,19.63%,"$2,752.18",-,3.13%,263,9,"$2,752.18",$86.11,$181.98,$6.62,$79.49,2025
B0DNTTS72V,"1,223",-,-,295,24.12%,"$2,504.07",-,3.16%,293,6,"$2,483.19",$78.37,$57.94,$2.04,$76.33,2025
B0D9PKV5VX,"1,540",-,-,250,16.23%,"$3,492.43",-,2.29%,249,10,"$3,483.57",$79.83,$299.59,$8.21,$71.62,2025
B01FUI8TR2,"2,266",-,-,256,11.30%,"$3,169.95",-,2.25%,254,7,"$3,150.80",$70.75,$167.02,$5.49,$65.26,2025
B07YNHMM7R,896,-,-,224,25.00%,"$2,187.07",-,3.04%,224,4,"$2,187.07",$66.38,$45.05,$1.59,$64.79,2025
B0F79V6JMV,"1,615",-,-,237,14.67%,"$3,738.94",-,1.71%,237,11,"$3,738.94",$64.09,$170.44,$6.27,$57.82,2025
B08273JDYC,"1,423",-,-,225,15.81%,"$2,007.79",-,3.18%,225,8,"$2,007.79",$63.86,$250.21,$9.92,$53.94,2025
B078D7MGY5,"1,545",-,-,287,18.58%,"$2,824.72",-,2.03%,286,6,"$2,819.76",$57.16,$117.85,$3.55,$53.61,2025
B0BZ9VFZL6,"1,401",-,-,302,21.56%,"$1,756.21",-,3.02%,302,6,"$1,756.21",$52.95,$70.41,$2.34,$50.61,2025
B0DRT11VH3,780,-,-,398,51.03%,"$2,589.81",-,1.77%,397,4,"$1,639.82",$29.04,$30.66,$1.00,$28.04,2025
B0DTYJ1RKK,"1,330",-,-,185,13.91%,"$5,669.66",-,3.18%,184,11,"$5,666.20",$180.28,$379.99,$11.81,$168.47,2025
B0DSCKDDQG,"2,127",-,-,202,9.50%,"$5,314.39",-,3.03%,204,7,"$5,388.58",$163.46,$372.21,$5.82,$157.64,2025
B08CZWHH4W,"2,112",-,-,199,9.42%,"$4,754.67",-,3.24%,198,7,"$4,729.67",$153.35,$177.16,$7.28,$146.07,2025
B09NP1591G,"2,364",-,-,211,8.93%,"$4,372.69",-,3.21%,211,5,"$4,372.69",$140.19,$119.52,$3.95,$136.24,2025
B0D1PLY9YC,"2,135",-,-,219,10.26%,"$4,968.49",-,3.27%,176,3,"$4,076.60",$133.50,$44.97,$1.80,$131.70,2025
B08P5521NT,"2,678",-,-,196,7.32%,"$4,081.74",-,3.28%,197,7,"$4,103.65",$134.68,$96.20,$3.55,$131.13,2025
B07NSW5PLT,"1,103",-,-,170,15.41%,"$4,106.34",-,3.17%,173,6,"$4,154.70",$131.82,$108.29,$3.66,$128.16,2025
B07NDHY41N,"2,895",-,-,189,6.53%,"$4,212.40",-,3.20%,189,7,"$4,212.40",$134.76,$306.88,$11.27,$123.49,2025
B073ZWQ4NT,"2,282",-,-,194,8.50%,"$3,854.35",-,3.46%,194,9,"$3,854.35",$133.42,$263.34,$9.96,$123.46,2025
B0B4Y639SN,"2,302",-,-,186,8.08%,"$4,102.73",-,3.15%,186,8,"$4,102.73",$129.41,$270.94,$10.29,$119.12,2025
B0CRWRXLBR,"1,945",-,-,223,11.47%,"$3,626.13",-,3.34%,223,4,"$3,626.13",$121.21,$109.16,$3.28,$117.93,2025
B0CPYFGN6B,"1,690",-,-,158,9.35%,"$3,864.19",-,3.13%,158,4,"$3,864.19",$120.99,$85.36,$3.10,$117.89,2025
B0B6GT7WMH,"1,683",-,-,176,10.46%,"$3,999.53",-,3.14%,176,8,"$3,999.53",$125.69,$220.39,$8.21,$117.48,2025
B0BM8LG2WL,"2,432",-,-,200,8.22%,"$3,702.98",-,3.44%,199,10,"$3,672.38",$126.30,$235.08,$9.45,$116.85,2025
B0019665DK,"2,122",-,-,215,10.13%,"$3,622.48",-,3.35%,214,12,"$3,616.99",$121.22,$242.56,$8.02,$113.20,2025
B0C98X5P5V,"1,904",-,-,177,9.30%,"$3,625.88",-,3.18%,177,6,"$3,625.88",$115.44,$87.24,$2.77,$112.67,2025
B0FC2M18HF,"1,836",-,-,196,10.68%,"$3,991.97",-,3.13%,195,10,"$3,932.00",$123.02,$311.75,$11.64,$111.38,2025
B0FY8FMZ21,"1,527",-,-,226,14.80%,"$3,562.79",-,3.23%,226,3,"$3,548.79",$114.74,$45.49,$4.04,$110.70,2025
B0C2KL85HX,"2,262",-,-,212,9.37%,"$4,155.90",-,2.98%,192,1,"$3,739.00",$111.48,$32.99,$0.99,$110.49,2025
B0F2TQBG6T,"1,805",-,-,193,10.69%,"$3,844.59",-,3.20%,174,3,"$3,500.84",$111.89,$76.75,$2.30,$109.59,2025
B0BTYN9KLC,950,-,-,214,22.53%,"$3,319.58",-,3.35%,214,4,"$3,319.58",$111.33,$60.36,$2.16,$109.17,2025
B0C2PNHYX7,"2,964",-,-,220,7.42%,"$3,885.02",-,2.99%,219,6,"$3,875.03",$116.01,$232.63,$7.43,$108.58,2025
B0D2Z2R3KX,"1,735",-,-,189,10.89%,"$3,710.99",-,3.05%,188,5,"$3,690.80",$112.53,$136.95,$5.17,$107.36,2025
B0D94ZQKGF,"1,624",-,-,212,13.05%,"$3,825.00",-,3.21%,212,17,"$3,825.00",$122.84,$448.72,$17.82,$105.02,2025
B0F1P4CPL8,"2,053",-,-,172,8.38%,"$3,314.76",-,3.35%,172,11,"$3,314.76",$110.97,$161.09,$6.27,$104.70,2025
B094YN9TZJ,"2,134",-,-,199,9.33%,"$3,641.70",-,3.30%,199,20,"$3,641.70",$120.05,$407.34,$15.53,$104.52,2025
B0D1C8C27J,"2,352",-,-,196,8.33%,"$4,415.29",-,3.21%,196,9,"$4,415.29",$141.71,"$1,043.12",$37.23,$104.48,2025
B0842XFK6C,"1,944",-,-,171,8.80%,"$3,410.10",-,3.47%,170,10,"$3,359.80",$116.55,$331.57,$13.01,$103.54,2025
B0CTGDGJQ5,"1,403",-,-,226,16.11%,"$3,767.55",-,2.80%,222,3,"$3,733.74",$104.73,$52.33,$1.92,$102.81,2025
B08Q7F5Q26,"1,702",-,-,167,9.81%,"$3,294.77",-,3.17%,167,3,"$3,294.77",$104.57,$46.56,$1.86,$102.71,2025
B0C8HPJW4J,"2,355",-,-,171,7.26%,"$3,156.03",-,3.43%,171,5,"$3,156.03",$108.28,$153.75,$5.95,$102.33,2025
B012507Q8Q,"1,721",-,-,197,11.45%,"$4,131.09",-,3.13%,196,16,"$4,112.20",$128.52,$844.86,$26.34,$102.18,2025
B09643S2PD,"2,010",-,-,171,8.51%,"$3,397.52",-,3.17%,170,3,"$3,341.43",$105.92,$113.50,$3.80,$102.12,2025
B0CNS5GXSR,"1,056",-,-,191,18.09%,"$3,334.98",-,3.35%,190,18,"$3,310.99",$110.86,$286.15,$9.31,$101.55,2025
B07CXQQ2ZM,"1,878",-,-,171,9.11%,"$3,094.40",-,3.62%,171,20,"$3,094.40",$112.11,$326.25,$12.06,$100.05,2025
B0FGJZ7D64,"1,086",-,-,178,16.39%,"$3,134.13",-,3.25%,178,4,"$3,134.13",$101.78,$76.02,$2.65,$99.13,2025
B0CHLK84TF,"2,230",-,-,190,8.52%,"$3,284.92",-,3.41%,190,11,"$3,284.92",$111.88,$338.93,$13.14,$98.74,2025
B0B7CJXCD9,"2,150",-,-,209,9.72%,"$3,635.97",-,3.13%,208,14,"$3,605.98",$112.98,$453.61,$15.50,$97.48,2025
B0F1CPXPWQ,"1,436",-,-,198,13.79%,"$2,939.28",-,3.42%,198,4,"$2,939.28",$100.40,$76.76,$3.08,$97.32,2025
B0CQMGKW44,"1,720",-,-,154,8.95%,"$3,535.39",-,3.01%,152,5,"$3,440.42",$103.70,$187.82,$7.03,$96.67,2025
B0DQLVRP1C,"1,357",-,-,183,13.49%,"$3,342.11",-,3.01%,183,5,"$3,342.06",$100.60,$113.96,$4.11,$96.49,2025
B0CNQDFWR6,"1,492",-,-,221,14.81%,"$2,688.39",-,3.59%,220,4,"$2,681.20",$96.28,$50.55,$1.52,$94.76,2025
B0F8Q6Q9JM,"1,952",-,-,196,10.04%,"$3,298.06",-,3.04%,196,7,"$3,298.06",$100.34,$186.33,$6.32,$94.02,2025
B096YJRKBP,"2,217",-,-,175,7.89%,"$3,193.37",-,3.11%,176,8,"$3,194.36",$99.48,$173.22,$6.48,$93.00,2025
B00P6KN7JU,"2,033",-,-,169,8.31%,"$3,223.62",-,3.01%,169,7,"$3,223.62",$96.92,$122.36,$4.30,$92.62,2025
B0CT3GFCX5,"2,678",-,-,165,6.16%,"$3,218.86",-,3.06%,165,7,"$3,218.86",$98.55,$190.49,$6.31,$92.24,2025
B0D8KV6JHZ,"1,672",-,-,159,9.51%,"$3,236.93",-,2.88%,159,6,"$3,236.93",$93.36,$83.01,$1.58,$91.78,2025
B088FY5VJF,"1,753",-,-,185,10.55%,"$3,604.81",-,3.50%,185,14,"$3,604.81",$126.25,$822.89,$35.22,$91.03,2025
B0BFC7WQ6R,"1,728",-,-,172,9.95%,"$3,056.36",-,3.08%,172,3,"$3,056.36",$94.22,$82.44,$3.34,$90.88,2025
B08S9NHWFW,"1,772",-,-,187,10.55%,"$2,863.63",-,3.29%,186,4,"$2,846.90",$93.78,$87.31,$3.54,$90.24,2025
B08HFKDWHP,"1,662",-,-,212,12.76%,"$3,300.92",-,3.07%,212,9,"$3,300.92",$101.46,$334.12,$12.77,$88.69,2025
B0CXMTWBTR,"1,849",-,-,171,9.25%,"$2,702.76",-,3.54%,171,10,"$2,702.76",$95.59,$214.44,$8.25,$87.34,2025
B088PRX3BD,"2,837",-,-,219,7.72%,"$3,486.58",-,2.99%,201,4,"$2,962.43",$88.65,$42.76,$1.41,$87.24,2025
B00VRAJT7M,"1,469",-,-,203,13.82%,"$2,945.74",-,3.16%,202,8,"$2,910.75",$91.94,$138.72,$4.99,$86.95,2025
B07GW2QQWN,"1,355",-,-,195,14.39%,"$3,078.46",-,3.19%,195,16,"$3,078.46",$98.10,$312.69,$11.52,$86.58,2025
B0CPP2CVY3,"1,688",-,-,183,10.84%,"$3,123.69",-,3.06%,183,6,"$3,123.69",$95.72,$243.94,$9.31,$86.41,2025
B001VJ70UC,"1,572",-,-,179,11.39%,"$3,043.53",-,2.81%,184,10,"$3,338.35",$93.65,$219.39,$7.35,$86.30,2025
B01DU1CC24,"1,509",-,-,201,13.32%,"$3,165.13",-,3.03%,201,12,"$3,165.13",$96.01,$265.07,$9.88,$86.13,2025
B0D9VV529Y,"1,780",-,-,178,10.00%,"$3,018.80",-,3.15%,177,12,"$3,009.82",$94.72,$233.49,$9.07,$85.65,2025
B0CJZMP7L1,"1,024",-,-,158,15.43%,"$3,274.36",-,3.07%,158,13,"$3,274.36",$100.47,$517.77,$15.81,$84.66,2025
B0C6W3D4RM,"1,619",-,-,171,10.56%,"$2,573.87",-,3.44%,169,4,"$2,554.75",$88.00,$92.62,$3.71,$84.29,2025
B0DTB5NX14,683,-,-,170,24.89%,"$3,063.09",-,2.94%,170,6,"$3,063.09",$89.94,$157.91,$6.18,$83.76,2025
B08KTXQTS9,"1,260",-,-,158,12.54%,"$2,603.93",-,3.49%,158,11,"$2,603.93",$90.97,$200.61,$7.48,$83.49,2025
B0CCX83C74,657,-,-,178,27.09%,"$3,101.73",-,3.28%,178,21,"$3,101.73",$101.82,$517.50,$18.83,$82.99,2025
B0F6Z1MYM7,"1,581",-,-,189,11.95%,"$2,909.00",-,3.06%,189,8,"$2,909.00",$89.05,$157.53,$6.10,$82.95,2025
B0DBXBKS5L,"1,274",-,-,177,13.89%,"$2,630.37",-,3.16%,177,1,"$2,630.37",$83.00,$28.00,$0.84,$82.16,2025
B0F5CHKX4F,883,-,-,183,20.72%,"$2,790.48",-,3.17%,183,10,"$2,790.48",$88.44,$251.35,$8.43,$80.01,2025
B0DQPNHNNS,"1,231",-,-,181,14.70%,"$2,784.23",-,3.33%,181,14,"$2,784.23",$92.79,$370.80,$12.90,$79.89,2025
B0F35R44LW,"1,093",-,-,256,23.42%,"$2,375.04",-,3.71%,251,12,"$2,275.04",$84.32,$121.76,$4.53,$79.79,2025
B0CJK4ZTBJ,"1,553",-,-,181,11.65%,"$2,562.80",-,3.21%,181,6,"$2,562.80",$82.29,$86.35,$2.75,$79.54,2025
B0C6MMDCT2,"1,442",-,-,162,11.23%,"$2,374.91",-,3.59%,161,8,"$2,364.96",$84.81,$148.00,$5.74,$79.07,2025
B0D5KR14ZS,"1,068",-,-,170,15.92%,"$2,463.41",-,3.16%,170,0,"$2,463.41",$77.82,$0.00,$0.00,$77.82,2025
B08S3C6LCB,"2,110",-,-,207,9.81%,"$2,990.46",-,3.06%,205,11,"$2,856.46",$87.32,$281.04,$9.67,$77.65,2025
B089DR29T6,"1,229",-,-,176,14.32%,"$2,630.50",-,3.38%,173,12,"$2,570.50",$86.78,$256.21,$9.45,$77.33,2025
B09QLMYBQY,"1,912",-,-,201,10.51%,"$3,710.35",-,2.43%,201,12,"$3,710.35",$90.21,$371.69,$13.54,$76.67,2025
B0CF3J1Q1Y,"1,600",-,-,153,9.56%,"$3,110.88",-,2.88%,153,8,"$3,110.88",$89.71,$416.96,$14.28,$75.43,2025
B0094RGCOS,833,-,-,155,18.61%,"$2,568.26",-,3.11%,154,6,"$2,562.77",$79.58,$107.89,$4.74,$74.84,2025
B0BZTTDSFN,"1,235",-,-,177,14.33%,"$2,662.43",-,3.35%,177,17,"$2,662.43",$89.25,$480.42,$15.33,$73.92,2025
B0BRDJMSTT,"1,336",-,-,167,12.50%,"$2,369.06",-,3.28%,167,6,"$2,369.06",$77.67,$196.31,$6.08,$71.59,2025
B09GTMR23B,"1,416",-,-,176,12.43%,"$2,423.37",-,3.04%,176,3,"$2,423.37",$73.61,$98.21,$2.95,$70.66,2025
B00LFUKKKO,"1,858",-,-,196,10.55%,"$2,691.34",-,2.89%,196,9,"$2,691.34",$77.86,$200.04,$7.52,$70.34,2025
B0C1DG8QGD,"1,792",-,-,183,10.21%,"$2,525.01",-,3.15%,183,14,"$2,525.01",$79.42,$243.62,$9.27,$70.15,2025
B07RWRQWGW,"1,322",-,-,195,14.75%,"$2,938.16",-,2.54%,195,9,"$2,937.94",$74.76,$170.07,$5.35,$69.41,2025
B08DG5L49J,"1,044",-,-,216,20.69%,"$2,923.03",-,2.66%,216,14,"$2,923.03",$77.83,$252.83,$8.60,$69.23,2025
B0BMGY5RLG,"1,536",-,-,219,14.26%,"$2,983.46",-,2.13%,219,4,"$2,983.46",$63.51,$63.96,$2.71,$60.80,2025
B09Z5XPCL6,"1,497",-,-,223,14.90%,"$2,547.53",-,2.47%,223,5,"$2,547.53",$62.99,$102.91,$3.62,$59.37,2025
B0FYFMRBJB,"1,217",-,-,211,17.34%,"$1,834.42",-,3.44%,206,7,"$1,815.42",$62.50,$104.85,$3.69,$58.81,2025
B07T9MBNTT,"1,223",-,-,162,13.25%,"$2,332.95",-,2.53%,162,7,"$2,332.95",$59.09,$96.44,$2.63,$56.46,2025
B0CK4Z6VTK,967,-,-,184,19.03%,"$2,013.77",-,3.29%,184,15,"$2,013.76",$66.22,$257.67,$9.77,$56.45,2025
B00146K0I6,"1,240",-,-,138,11.13%,"$2,125.50",-,3.19%,137,14,"$2,115.52",$67.56,$314.86,$11.73,$55.83,2025
B0C5SHXG9G,786,-,-,175,22.26%,"$1,572.33",-,3.59%,175,4,"$1,572.33",$56.50,$35.36,$1.27,$55.23,2025
B0CR9YPJ3Q,955,-,-,181,18.95%,"$2,186.59",-,3.60%,181,7,"$2,186.59",$78.67,$605.64,$26.42,$52.25,2025
B08LMNT43K,"1,054",-,-,292,27.70%,"$2,560.86",-,2.13%,292,6,"$2,560.86",$54.43,$199.64,$7.21,$47.22,2025
B007DW6F34,"1,022",-,-,155,15.17%,"$1,570.63",-,3.21%,155,6,"$1,570.63",$50.35,$99.51,$3.80,$46.55,2025
B07C341MRK,"1,043",-,-,232,22.24%,"$2,594.96",-,2.17%,232,10,"$2,594.96",$56.33,$338.44,$10.83,$45.50,2025
B00UPC6A0M,664,-,-,207,31.17%,"$1,884.25",-,2.61%,207,9,"$1,884.25",$49.24,$133.74,$4.27,$44.97,2025
B01G8KYP7Y,"1,392",-,-,154,11.06%,"$1,923.82",-,2.37%,154,5,"$1,923.82",$45.58,$110.63,$4.43,$41.15,2025
B0DNRKYMB8,861,-,-,206,23.93%,"$2,024.51",-,2.30%,206,9,"$2,024.51",$46.57,$236.96,$8.72,$37.85,2025
B005ECO3H0,979,-,-,173,17.67%,"$1,719.07",-,2.20%,173,4,"$1,719.07",$37.82,$84.67,$1.65,$36.17,2025
B0FLYLVZYK,870,-,-,184,21.15%,"$1,451.74",-,2.50%,182,5,"$1,431.74",$35.81,$96.85,$3.88,$31.93,2025
B086JQQHPK,"1,246",-,-,131,10.51%,"$5,787.64",-,3.06%,131,9,"$5,787.64",$177.10,$207.37,$7.72,$169.38,2025
B08XY6B6VR,"1,522",-,-,135,8.87%,"$4,027.18",-,3.15%,135,1,"$4,027.18",$126.71,$9.99,$0.40,$126.31,2025
B0CG6RXMNV,"1,159",-,-,143,12.34%,"$3,710.71",-,3.47%,141,1,"$3,631.77",$126.18,$31.99,$1.28,$124.90,2025
B06XJT23F4,"1,510",-,-,141,9.34%,"$3,961.29",-,3.29%,141,6,"$3,961.29",$130.38,$207.16,$6.75,$123.63,2025
B0B89P16MC,"1,634",-,-,123,7.53%,"$4,099.33",-,3.02%,123,14,"$4,099.33",$123.81,$249.75,$9.31,$114.50,2025
B0CZPHPJLN,"1,462",-,-,126,8.62%,"$4,199.11",-,2.95%,128,9,"$4,255.77",$125.75,$700.10,$11.61,$114.14,2025
B0CWLHKQNT,"1,755",-,-,142,8.09%,"$3,886.02",-,3.06%,131,1,"$3,685.63",$112.91,$16.95,$0.68,$112.23,2025
B0CZBLZYY5,"1,366",-,-,141,10.32%,"$3,243.79",-,3.51%,140,4,"$3,230.19",$113.36,$68.62,$3.45,$109.91,2025
B0F1143Q7G,"1,164",-,-,167,14.35%,"$3,634.02",-,3.09%,163,0,"$3,526.99",$109.01,$0.00,$0.00,$109.01,2025
B0CXQ3F8F1,511,-,-,134,26.22%,"$2,399.26",-,4.58%,134,5,"$2,399.26",$109.86,$158.60,$3.61,$106.25,2025
B0CZPGX972,"1,593",-,-,140,8.79%,"$3,587.54",-,3.18%,140,6,"$3,587.54",$114.09,$235.00,$8.41,$105.68,2025
B0DC1661N8,"1,655",-,-,130,7.85%,"$3,198.93",-,3.38%,130,5,"$3,198.93",$107.98,$105.23,$4.21,$103.77,2025
B08G65CRX7,"1,798",-,-,151,8.40%,"$3,294.23",-,3.23%,151,5,"$3,294.23",$106.52,$95.31,$3.68,$102.84,2025
B09NR3C9BV,"1,384",-,-,153,11.05%,"$3,288.08",-,3.11%,153,3,"$3,288.08",$102.28,$43.47,$1.74,$100.54,2025
B0DZDY4XBW,"1,314",-,-,141,10.73%,"$3,315.05",-,3.01%,137,2,"$3,262.38",$98.24,$73.98,$1.54,$96.70,2025
B0C46P7LZQ,"1,376",-,-,159,11.56%,"$2,719.50",-,3.76%,159,11,"$2,719.50",$102.12,$163.56,$6.49,$95.63,2025
B0BKTLKVFW,"1,458",-,-,132,9.05%,"$3,129.35",-,3.20%,132,8,"$3,129.35",$100.20,$180.59,$6.02,$94.18,2025
B0DC91H3JK,"1,108",-,-,128,11.55%,"$3,080.87",-,3.43%,126,8,"$2,820.89",$96.75,$150.02,$4.58,$92.17,2025
B0D5VY5GHQ,944,-,-,133,14.09%,"$3,172.67",-,3.01%,133,4,"$3,172.67",$95.49,$127.96,$3.84,$91.65,2025
B0FP6FSWK1,785,-,-,165,21.02%,"$3,182.83",-,2.84%,165,1,"$3,182.83",$90.36,$3.91,$0.12,$90.24,2025
B0DPQJKCTT,"1,368",-,-,122,8.92%,"$3,027.97",-,3.22%,122,9,"$3,027.97",$97.63,$253.21,$7.92,$89.71,2025
B09YSV95P9,"1,068",-,-,153,14.33%,"$2,834.42",-,3.45%,153,10,"$2,834.41",$97.86,$263.84,$9.59,$88.27,2025
B09VL4S8JB,"1,922",-,-,130,6.76%,"$2,756.42",-,3.45%,129,7,"$2,723.43",$93.99,$162.08,$5.82,$88.17,2025
B01K1K0K6M,"1,353",-,-,140,10.35%,"$3,046.12",-,3.19%,140,12,"$3,046.12",$97.13,$244.30,$9.31,$87.82,2025
B0DNGB7RTW,"1,371",-,-,144,10.50%,"$2,985.22",-,3.03%,144,5,"$2,985.22",$90.60,$108.30,$3.44,$87.16,2025
B0D8JT7ZCY,"1,389",-,-,147,10.58%,"$4,083.53",-,3.37%,142,2,"$2,863.73",$96.41,$244.98,$9.80,$86.61,2025
B0BRHFRH4K,"1,825",-,-,165,9.04%,"$2,717.22",-,3.19%,165,2,"$2,717.22",$86.58,$45.37,$1.72,$84.86,2025
B01MRBYW7K,"1,537",-,-,120,7.81%,"$2,688.93",-,3.10%,130,9,"$2,829.73",$87.77,$108.46,$3.85,$83.92,2025
B0CXDQWJFS,603,-,-,128,21.23%,"$2,827.98",-,3.10%,128,5,"$2,827.98",$87.64,$103.61,$3.85,$83.79,2025
B07XC3HK9N,920,-,-,121,13.15%,"$2,582.03",-,3.47%,121,12,"$2,581.99",$89.66,$175.02,$5.96,$83.70,2025
B0D9MBVYVW,"1,167",-,-,152,13.02%,"$2,603.31",-,3.23%,152,2,"$2,603.31",$84.21,$44.58,$1.34,$82.87,2025
B0D4F7K9WC,"1,744",-,-,130,7.45%,"$2,564.08",-,3.29%,130,4,"$2,564.08",$84.24,$44.86,$1.53,$82.71,2025
B0FQPC4PS9,"1,498",-,-,133,8.88%,"$2,851.93",-,3.22%,132,7,"$2,821.96",$90.94,$270.93,$8.57,$82.37,2025
B0D4MP7WLS,"2,231",-,-,143,6.41%,"$2,776.85",-,3.16%,147,9,"$2,824.81",$89.37,$217.35,$7.41,$81.96,2025
B0F68YLJLG,"1,066",-,-,131,12.29%,"$2,652.33",-,3.16%,131,3,"$2,652.33",$83.73,$76.73,$2.74,$80.99,2025
B07S5KGC4H,831,-,-,145,17.45%,"$2,566.13",-,3.18%,145,4,"$2,566.13",$81.64,$67.97,$2.44,$79.20,2025
B0DYJYM3BP,916,-,-,145,15.83%,"$2,190.97",-,3.64%,145,5,"$2,190.97",$79.66,$93.47,$3.54,$76.12,2025
B0DZB58K43,"1,685",-,-,148,8.78%,"$2,439.28",-,3.54%,148,10,"$2,439.28",$86.25,$291.53,$10.33,$75.92,2025
B0CRWRRYF8,"1,376",-,-,143,10.39%,"$2,790.89",-,2.99%,143,7,"$2,790.89",$83.39,$206.04,$7.53,$75.86,2025
B0DQ6R6CXX,"1,562",-,-,120,7.68%,"$3,045.36",-,3.10%,120,8,"$3,045.36",$94.53,$605.83,$18.76,$75.77,2025
B0CSTF1YSH,"1,741",-,-,131,7.52%,"$2,267.61",-,3.45%,131,7,"$2,267.61",$78.14,$76.45,$3.00,$75.14,2025
B0197UCCVS,"1,384",-,-,128,9.25%,"$2,384.75",-,3.17%,127,2,"$2,381.76",$75.50,$26.48,$0.89,$74.61,2025
B084Y3DLFJ,"1,516",-,-,135,8.91%,"$2,388.71",-,3.18%,135,3,"$2,388.71",$75.97,$55.58,$1.87,$74.10,2025
B0DS5VYZWF,"1,109",-,-,147,13.26%,"$2,437.23",-,3.38%,147,8,"$2,437.23",$82.32,$220.27,$8.48,$73.84,2025
B0CPSCHL4G,"1,400",-,-,139,9.93%,"$2,926.30",-,3.09%,132,14,"$2,800.83",$86.53,$319.82,$12.95,$73.58,2025
B0C2Q58W21,803,-,-,145,18.06%,"$2,419.96",-,3.28%,145,11,"$2,419.96",$79.40,$174.31,$6.08,$73.32,2025
B07W5QM4DP,"1,023",-,-,124,12.12%,"$2,539.93",-,3.20%,123,8,"$2,536.93",$81.14,$259.17,$10.07,$71.07,2025
B0CSFTFL54,589,-,-,123,20.88%,"$2,211.22",-,3.36%,124,5,"$2,281.21",$76.58,$146.44,$5.79,$70.79,2025
B0D146CVLJ,"1,187",-,-,138,11.63%,"$2,104.13",-,3.48%,137,5,"$2,096.14",$72.95,$63.60,$2.30,$70.65,2025
B0F989T9ZP,"1,360",-,-,144,10.59%,"$2,712.88",-,3.03%,143,7,"$2,412.88",$73.05,$77.77,$2.68,$70.37,2025
B01HQLYMUE,519,-,-,136,26.20%,"$2,360.03",-,3.08%,136,7,"$2,360.03",$72.73,$105.77,$3.92,$68.81,2025
B0CPMFR36W,985,-,-,132,13.40%,"$2,294.32",-,3.26%,131,9,"$2,280.83",$74.26,$157.43,$5.57,$68.69,2025
B0DK7WKYGT,"1,095",-,-,133,12.15%,"$2,169.30",-,3.38%,133,5,"$2,169.29",$73.43,$166.87,$5.33,$68.10,2025
B09Y795NP9,907,-,-,126,13.89%,"$2,316.02",-,3.14%,126,8,"$2,316.02",$72.76,$149.40,$5.02,$67.74,2025
B0FMFCZH8K,"1,624",-,-,132,8.13%,"$2,361.71",-,3.13%,132,9,"$2,361.71",$73.92,$203.39,$6.92,$67.00,2025
B0CRZHTZ7T,"1,103",-,-,134,12.15%,"$2,083.89",-,3.33%,134,3,"$2,083.89",$69.44,$60.97,$2.44,$67.00,2025
B00NHQFA1I,"1,005",-,-,114,11.34%,"$2,308.18",-,3.18%,114,8,"$2,308.18",$73.34,$188.23,$6.50,$66.84,2025
B0DR3XSJR8,"1,126",-,-,124,11.01%,"$2,268.69",-,3.00%,123,2,"$2,248.87",$67.50,$29.98,$0.90,$66.60,2025
B06XFQG2GN,"1,146",-,-,136,11.87%,"$2,318.53",-,3.53%,136,8,"$2,318.53",$81.89,$296.81,$16.22,$65.67,2025
B0CPTH512J,"1,433",-,-,174,12.14%,"$2,958.11",-,2.47%,174,5,"$2,958.11",$73.21,$233.87,$7.84,$65.37,2025
B08HM1TSFS,"1,952",-,-,122,6.25%,"$2,563.00",-,3.12%,122,14,"$2,563.00",$80.00,$423.65,$14.72,$65.28,2025
B07632X1G9,"1,158",-,-,119,10.28%,"$2,139.78",-,3.41%,119,10,"$2,139.78",$72.87,$209.69,$7.64,$65.23,2025
B000E9TDY6,"1,242",-,-,128,10.31%,"$2,744.98",-,3.06%,128,17,"$2,744.98",$83.92,$633.89,$20.67,$63.25,2025
B0CX754635,"1,669",-,-,141,8.45%,"$2,245.85",-,3.12%,141,11,"$2,245.85",$70.02,$213.85,$7.21,$62.81,2025
B0F3PGL9NL,810,-,-,127,15.68%,"$2,118.52",-,3.09%,127,5,"$2,118.50",$65.43,$72.85,$2.70,$62.73,2025
B075X6L64B,"1,344",-,-,127,9.45%,"$1,958.04",-,3.40%,127,6,"$1,958.04",$66.48,$112.24,$3.91,$62.57,2025
B0F2GKL2F8,"1,429",-,-,130,9.10%,"$2,391.61",-,3.33%,130,15,"$2,391.61",$79.76,$447.09,$17.23,$62.53,2025
B008KQ1TQU,"1,491",-,-,121,8.12%,"$2,065.74",-,3.13%,121,6,"$2,065.74",$64.65,$112.31,$3.86,$60.79,2025
B0BZP1QF61,"1,532",-,-,136,8.88%,"$2,062.74",-,3.28%,135,8,"$2,042.75",$66.92,$205.71,$6.84,$60.08,2025
B0D94YBWNQ,"1,199",-,-,135,11.26%,"$2,162.82",-,3.15%,135,9,"$2,162.82",$68.04,$236.46,$8.04,$60.00,2025
B0D9R6GNBJ,"1,176",-,-,148,12.59%,"$1,944.40",-,3.21%,148,5,"$1,944.40",$62.51,$86.50,$3.11,$59.40,2025
B0DJY3RXMD,"1,086",-,-,140,12.89%,"$2,039.36",-,3.23%,139,6,"$2,033.38",$65.70,$192.93,$6.81,$58.89,2025
B0DJB7VCVH,"1,044",-,-,133,12.74%,"$1,885.44",-,3.24%,133,5,"$1,885.44",$61.02,$71.59,$2.86,$58.16,2025
B0BL8RWHV2,"1,145",-,-,136,11.88%,"$2,357.82",-,2.61%,132,2,"$2,281.12",$59.52,$68.03,$2.62,$56.90,2025
B0051DR9Z0,964,-,-,164,17.01%,"$1,937.35",-,3.39%,166,4,"$1,941.50",$65.74,$214.92,$9.15,$56.59,2025
B0FN91VKFJ,"1,450",-,-,145,10.00%,"$1,961.04",-,3.39%,144,7,"$1,911.04",$64.82,$223.59,$8.49,$56.33,2025
B0CQRVLJGJ,"1,782",-,-,116,6.51%,"$1,862.67",-,3.36%,114,7,"$1,825.18",$61.31,$127.34,$5.40,$55.91,2025
B0FL1XC9KL,"1,449",-,-,123,8.49%,"$1,820.90",-,3.48%,121,9,"$1,790.92",$62.24,$167.63,$6.43,$55.81,2025
B01AW5V7PE,"1,429",-,-,128,8.96%,"$1,991.75",-,3.18%,123,9,"$1,941.75",$61.68,$174.41,$7.01,$54.67,2025
B0FBRL91H1,854,-,-,174,20.37%,"$1,745.12",-,3.15%,174,3,"$1,745.12",$55.03,$31.94,$1.22,$53.81,2025
B0BNNVT2VH,"1,885",-,-,137,7.27%,"$2,513.03",-,2.66%,128,7,"$2,299.06",$61.14,$217.72,$7.71,$53.43,2025
B0D4F78BYT,"1,149",-,-,138,12.01%,"$1,552.90",-,3.44%,138,2,"$1,552.90",$53.36,$54.89,$1.60,$51.76,2025
B0DQ8SM849,"1,294",-,-,126,9.74%,"$1,692.47",-,3.19%,126,6,"$1,692.47",$53.94,$117.78,$4.40,$49.54,2025
B09NRXP2XF,"1,174",-,-,132,11.24%,"$2,011.04",-,2.85%,132,10,"$2,011.04",$57.27,$228.84,$8.75,$48.52,2025
B0DVY21MS5,"1,224",-,-,139,11.36%,"$1,909.42",-,3.00%,139,15,"$1,909.42",$57.36,$257.70,$8.89,$48.47,2025
B0CZYP38PT,"1,139",-,-,126,11.06%,"$1,731.22",-,3.41%,126,18,"$1,731.22",$59.08,$287.80,$10.79,$48.29,2025
B0CRLZQ32Z,783,-,-,127,16.22%,"$1,545.44",-,3.19%,126,7,"$1,532.85",$48.87,$122.44,$3.68,$45.19,2025
B0CNJVRFMX,"1,288",-,-,128,9.94%,"$1,759.31",-,2.55%,127,3,"$1,750.86",$44.61,$38.97,$1.27,$43.34,2025
B07J2MM23Z,"1,050",-,-,130,12.38%,"$2,051.59",-,2.34%,130,4,"$2,051.59",$47.91,$161.60,$5.14,$42.77,2025
B00KL1ZDKK,"1,278",-,-,131,10.25%,"$1,732.53",-,2.64%,131,5,"$1,732.53",$45.68,$110.80,$3.22,$42.46,2025
B09YKRZR22,"1,240",-,-,136,10.97%,"$1,937.14",-,2.22%,136,5,"$1,937.14",$42.99,$54.21,$1.43,$41.56,2025
B075XRJR1X,"1,344",-,-,109,8.11%,"$1,822.38",-,3.22%,109,20,"$1,822.38",$58.60,$457.36,$18.04,$40.56,2025
B0DV5QCLDZ,578,-,-,138,23.88%,"$1,095.69",-,3.61%,138,1,"$1,095.69",$39.56,$3.99,$0.18,$39.38,2025
B0CK51LYDN,832,-,-,127,15.26%,"$1,311.77",-,2.93%,127,2,"$1,311.77",$38.49,$27.81,$0.83,$37.66,2025
B0D2HTKZ95,617,-,-,129,20.91%,"$1,261.23",-,3.36%,129,5,"$1,261.23",$42.42,$128.54,$5.48,$36.94,2025
B0D51CSMKX,868,-,-,128,14.75%,"$1,661.32",-,2.31%,116,0,"$1,557.27",$35.97,$0.00,$0.00,$35.97,2025
B0F8V83VKZ,631,-,-,127,20.13%,"$1,195.84",-,2.93%,127,8,"$1,195.84",$35.00,$119.39,$4.33,$30.67,2025
B07K9156GB,586,-,-,126,21.50%,"$1,140.77",-,2.95%,126,7,"$1,140.77",$33.63,$152.74,$5.76,$27.87,2025
B0BQKZN7ZJ,829,-,-,151,18.21%,"$1,022.87",-,2.49%,151,5,"$1,022.87",$25.44,$51.54,$1.97,$23.47,2025
B0FHSR69M8,683,-,-,124,18.16%,$907.63,-,2.26%,124,4,$907.63,$20.52,$60.56,$2.17,$18.35,2025
B0GQLK2QQD,"26,386","3,192",912,"4,104",15.55%,"$69,549.31",3.46%,3.18%,"4,084",134,"$69,138.49","$2,198.37","$3,130.27",$113.47,"$2,084.90",2026
B0GFPRYGT8,"12,816","1,322",81,"1,403",10.95%,"$25,448.97",0.63%,3.10%,"1,198",12,"$21,633.30",$671.25,$185.11,$6.97,$664.28,2026
B0GCLWXVT4,"7,302",-,-,820,11.23%,"$14,081.47",-,3.20%,736,8,"$12,632.20",$404.39,$176.67,$6.71,$397.68,2026
B0G6RSSR6V,"6,135",-,-,533,8.69%,"$10,908.02",-,3.00%,532,29,"$10,809.14",$324.14,$737.45,$25.25,$298.89,2026
B0FHB51R29,"5,281",-,-,545,10.32%,"$9,788.19",-,3.05%,533,13,"$9,627.00",$293.92,$229.59,$8.72,$285.20,2026
B0FGDZSQVG,"5,350",-,-,600,11.21%,"$9,592.53",-,3.14%,578,5,"$9,186.65",$288.17,$167.92,$5.41,$282.76,2026
B0D4YL34QQ,"2,840",-,-,388,13.66%,"$7,165.65",-,3.41%,438,19,"$8,162.89",$278.13,$424.13,$16.06,$262.07,2026
B0DC91H3JK,"2,689",-,-,305,11.34%,"$7,748.74",-,3.35%,305,16,"$7,748.74",$259.61,$116.35,$3.68,$255.93,2026
B0FMJ3JFGB,"5,239",-,-,419,8.00%,"$8,326.15",-,3.28%,416,30,"$8,264.43",$271.14,$572.42,$18.83,$252.31,2026
B0CN7GHV7P,"3,263",-,-,459,14.07%,"$8,090.09",-,3.14%,458,19,"$8,039.16",$252.08,$406.55,$14.79,$237.29,2026
B0FQL174XF,"3,074",-,-,369,12.00%,"$7,636.01",-,3.21%,367,13,"$7,609.05",$243.93,$247.14,$8.49,$235.44,2026
B0GFQ1JQVZ,"3,880",-,-,395,10.18%,"$7,597.80",-,3.00%,387,10,"$7,373.35",$221.48,$200.21,$5.87,$215.61,2026
B0CDMNWVQX,"5,099",-,-,394,7.73%,"$7,538.62",-,3.15%,394,25,"$7,538.62",$237.76,$637.85,$22.34,$215.42,2026
B0F989T9ZP,"4,980",-,-,364,7.31%,"$7,284.12",-,3.16%,364,18,"$7,284.12",$230.10,$578.08,$19.76,$210.34,2026
B0FLDZGB5D,"3,933",-,-,340,8.64%,"$7,154.26",-,3.08%,333,15,"$7,011.13",$216.08,$543.75,$21.25,$194.83,2026
B0FGFFYSNB,"3,760",-,-,405,10.77%,"$6,250.81",-,3.21%,392,10,"$6,128.85",$197.04,$204.04,$7.89,$189.15,2026
B09WYH9VLG,"1,933",-,-,317,16.40%,"$5,365.77",-,3.82%,316,16,"$5,336.71",$203.96,$546.77,$21.93,$182.03,2026
B09111QTMX,"4,491",-,-,369,8.22%,"$6,271.00",-,3.15%,367,23,"$6,242.71",$196.44,$457.05,$15.56,$180.88,2026
B097QJDGCF,"2,473",-,-,277,11.20%,"$6,306.58",-,3.14%,269,9,"$6,155.49",$193.59,$519.77,$16.24,$177.35,2026
B094YMCP85,"3,060",-,-,320,10.46%,"$5,346.77",-,3.34%,319,16,"$5,338.97",$178.51,$176.51,$7.71,$170.80,2026
B0CC4P4HC3,"3,198",-,-,274,8.57%,"$5,848.76",-,3.15%,272,18,"$5,804.20",$183.07,$364.61,$13.84,$169.23,2026
B0F9DYF1W9,"3,076",-,-,300,9.75%,"$5,538.21",-,3.15%,299,14,"$5,493.33",$173.02,$277.45,$9.70,$163.32,2026
B0DSLTHSYM,29,-,-,34,117.24%,"$1,024.61",-,3.08%,256,30,"$6,249.56",$192.32,"$1,348.94",$43.05,$149.27,2026
B0CWLHKQNT,"1,666",-,-,169,10.14%,"$5,038.41",-,3.12%,177,20,"$5,381.37",$167.70,$647.97,$19.74,$147.96,2026
B0FKN685K8,"2,447",-,-,201,8.21%,"$4,037.32",-,3.60%,197,0,"$3,952.92",$142.15,$0.00,$0.00,$142.15,2026
B0B3CLLMN3,"3,380",-,-,319,9.44%,"$6,136.41",-,2.51%,318,18,"$6,126.42",$153.65,$362.14,$11.86,$141.79,2026
B0FK1LF5PM,"2,331",-,-,224,9.61%,"$4,585.62",-,3.28%,224,8,"$4,585.62",$150.22,$260.78,$9.95,$140.27,2026
B0DR5T38VK,"2,237",-,-,204,9.12%,"$4,930.14",-,3.17%,184,5,"$4,519.16",$143.06,$79.66,$3.01,$140.05,2026
B0DBZ6V3RX,"2,171",-,-,200,9.21%,"$4,235.44",-,3.38%,200,15,"$4,235.44",$143.26,$398.13,$13.96,$129.30,2026
B00B0DWB8U,"1,319",-,-,150,11.37%,"$4,754.55",-,2.82%,146,2,"$4,674.55",$131.95,$82.58,$2.90,$129.05,2026
B0CB5RMV9L,"3,404",-,-,261,7.67%,"$4,749.41",-,3.17%,260,17,"$4,733.42",$150.20,$651.14,$21.41,$128.79,2026
B0785RNKZS,"2,124",-,-,316,14.88%,"$5,492.05",-,2.58%,307,9,"$5,225.18",$135.05,$189.19,$6.64,$128.41,2026
B0CQXDYQ4C,"1,829",-,-,236,12.90%,"$3,729.52",-,3.50%,234,3,"$3,703.57",$129.81,$96.97,$3.88,$125.93,2026
B0GFFC4GCH,"1,233",-,-,139,11.27%,"$4,142.46",-,3.15%,138,3,"$4,133.49",$130.11,$105.97,$4.51,$125.60,2026
B0FLNLNLH3,"3,799",-,-,287,7.55%,"$4,758.09",-,2.86%,286,17,"$4,706.80",$134.66,$364.06,$13.19,$121.47,2026
B0F7X23NXD,"1,804",-,-,224,12.42%,"$4,276.16",-,3.09%,223,12,"$4,257.65",$131.59,$327.04,$11.85,$119.74,2026
B0F2TF3QM9,"1,219",-,-,138,11.32%,"$2,404.51",-,3.11%,241,10,"$4,157.32",$129.19,$401.38,$13.21,$115.98,2026
B0F8W15WTN,"2,687",-,-,280,10.42%,"$4,077.71",-,3.04%,280,9,"$4,077.71",$123.94,$297.63,$9.29,$114.65,2026
B0FTZMC637,"2,081",-,-,199,9.56%,"$3,531.01",-,3.39%,193,0,"$3,369.87",$114.22,$0.00,$0.00,$114.22,2026
B0G5FX9JDV,"1,609",-,-,206,12.80%,"$4,628.27",-,3.07%,179,7,"$3,923.74",$120.32,$182.63,$6.80,$113.52,2026
B0DNFVMZM6,"2,264",-,-,521,23.01%,"$3,904.34",-,2.97%,518,3,"$3,881.99",$115.43,$64.55,$2.24,$113.19,2026
B0DS9QHDHV,"1,790",-,-,182,10.17%,"$4,003.39",-,2.99%,182,6,"$4,003.39",$119.65,$196.90,$6.78,$112.87,2026
B0FCYXYJYP,"2,160",-,-,290,13.43%,"$3,812.03",-,3.06%,289,5,"$3,800.64",$116.11,$107.46,$4.08,$112.03,2026
B0DL6WYKKX,"2,304",-,-,200,8.68%,"$3,462.93",-,3.33%,199,9,"$3,457.93",$115.24,$198.72,$6.22,$109.02,2026
B0D14CW9DX,"1,348",-,-,116,8.61%,"$3,478.73",-,3.18%,117,3,"$3,494.71",$111.04,$98.37,$3.94,$107.10,2026
B0FRKSRRZX,"1,241",-,-,155,12.49%,"$4,050.36",-,3.09%,154,15,"$3,980.37",$123.03,$456.85,$17.51,$105.52,2026
B0FCRWKTCB,"1,696",-,-,208,12.26%,"$4,186.58",-,2.96%,208,13,"$4,186.58",$123.80,$623.11,$19.27,$104.53,2026
B0DKZJZWD9,"1,735",-,-,184,10.61%,"$3,525.84",-,3.20%,182,9,"$3,478.32",$111.22,$192.17,$7.10,$104.12,2026
B0CC6NHFZQ,"2,263",-,-,192,8.48%,"$3,340.93",-,3.41%,190,12,"$3,305.95",$112.79,$277.31,$9.98,$102.81,2026
B0DSGFX4J9,"1,618",-,-,162,10.01%,"$3,446.55",-,3.02%,162,7,"$3,447.30",$103.99,$113.20,$3.95,$100.04,2026
B0F7TH7YF7,"1,629",-,-,147,9.02%,"$3,244.18",-,3.59%,146,15,"$3,236.20",$116.14,$440.50,$16.36,$99.78,2026
B0BLJSNSK8,128,-,-,131,102.34%,"$2,340.42",-,3.20%,248,56,"$4,676.11",$149.46,"$1,712.96",$49.86,$99.60,2026
B0CQ73FNHY,"1,088",-,-,146,13.42%,"$2,617.47",-,3.78%,139,0,"$2,563.68",$96.95,$0.00,$0.00,$96.95,2026
B0BWCQHCWX,"2,660",-,-,183,6.88%,"$3,125.02",-,3.21%,182,7,"$3,101.93",$99.55,$100.51,$3.62,$95.93,2026
B0DTV4M84X,"1,055",-,-,122,11.56%,"$2,892.32",-,3.48%,119,4,"$2,884.58",$100.32,$127.98,$5.04,$95.28,2026
B0DK96CJPC,976,-,-,112,11.48%,"$2,724.50",-,3.53%,112,4,"$2,724.50",$96.31,$51.14,$1.90,$94.41,2026
B0G588MPQR,"1,870",-,-,218,11.66%,"$3,591.72",-,2.81%,207,1,"$3,398.45",$95.41,$34.99,$1.05,$94.36,2026
B0DK67Z962,"1,993",-,-,197,9.88%,"$3,116.42",-,3.41%,194,18,"$3,018.58",$102.83,$286.96,$10.51,$92.32,2026
B0DFHMBPN8,"1,282",-,-,163,12.71%,"$2,874.16",-,3.11%,163,3,"$2,874.16",$89.36,$58.08,$1.42,$87.94,2026
B0D4TKTYFP,"1,882",-,-,170,9.03%,"$2,761.32",-,3.53%,155,2,"$2,510.47",$88.54,$34.98,$1.20,$87.34,2026
B09H1T4V36,"2,609",-,-,209,8.01%,"$3,131.51",-,2.93%,208,9,"$3,115.80",$91.42,$177.08,$5.54,$85.88,2026
B0DK3FR26M,"2,502",-,-,210,8.39%,"$3,328.49",-,3.14%,210,17,"$3,328.49",$104.64,$545.70,$20.63,$84.01,2026
B0F7YCTZSM,"2,569",-,-,166,6.46%,"$2,844.68",-,3.20%,166,12,"$2,844.68",$90.89,$223.99,$8.12,$82.77,2026
B0DSQ78RQP,"1,494",-,-,123,8.23%,"$2,680.94",-,3.09%,123,3,"$2,680.94",$82.87,$33.86,$1.32,$81.55,2026
B0D8C42NPC,755,-,-,119,15.76%,"$2,566.66",-,3.20%,119,7,"$2,566.66",$82.26,$68.83,$1.10,$81.16,2026
B0F6TR2XMR,"2,309",-,-,169,7.32%,"$2,775.55",-,3.28%,166,8,"$2,695.17",$88.51,$275.98,$9.35,$79.16,2026
B0CQM5RTJW,"1,522",-,-,127,8.34%,"$2,563.53",-,3.03%,126,7,"$2,558.23",$77.42,$98.53,$2.99,$74.43,2026
B0CT4PBXVF,"1,869",-,-,153,8.19%,"$2,477.36",-,3.19%,153,8,"$2,477.36",$79.01,$129.60,$4.98,$74.03,2026
B0FGPZMLKW,"1,108",-,-,126,11.37%,"$2,571.40",-,2.96%,126,3,"$2,571.40",$76.23,$99.71,$3.26,$72.97,2026
B002EB8GEU,"1,531",-,-,136,8.88%,"$2,578.65",-,3.28%,135,11,"$2,539.65",$83.41,$231.40,$10.74,$72.67,2026
B0DQTQJ8MX,100,-,-,58,58.00%,$914.45,-,3.34%,127,6,"$2,282.75",$76.32,$131.43,$4.12,$72.20,2026
B07MYW85VT,41,-,-,59,143.90%,$908.98,-,2.61%,201,19,"$3,179.03",$83.07,$386.28,$11.61,$71.46,2026
B0CZ6PJ9YW,"1,180",-,-,141,11.95%,"$1,897.96",-,3.76%,141,5,"$1,897.96",$71.33,$84.59,$3.39,$67.94,2026
B0953XMJZ5,"1,366",-,-,127,9.30%,"$2,267.24",-,3.25%,127,9,"$2,267.24",$73.59,$173.95,$6.49,$67.10,2026
B0FBWF76DV,"1,244",-,-,88,7.07%,"$1,877.50",-,3.57%,87,0,"$1,868.51",$66.76,$0.00,$0.00,$66.76,2026
B0DJ6YQHW4,"1,266",-,-,120,9.48%,"$2,272.60",-,3.22%,120,8,"$2,272.60",$73.08,$220.24,$7.35,$65.73,2026
B0F9FCF6N1,"1,376",-,-,134,9.74%,"$2,219.06",-,3.06%,134,7,"$2,219.06",$67.99,$153.96,$5.31,$62.68,2026
B0FXFJVCBQ,80,-,-,28,35.00%,$519.65,-,3.32%,119,8,"$2,037.59",$67.58,$131.51,$5.00,$62.58,2026
B0FMFYTXNK,"1,076",-,-,135,12.55%,"$1,948.42",-,3.16%,135,4,"$1,948.42",$61.66,$28.66,$0.95,$60.71,2026
B0C35Z66QV,"1,110",-,-,188,16.94%,"$2,801.98",-,2.37%,187,14,"$2,800.30",$66.34,$307.35,$6.56,$59.78,2026
B0D2FH837G,190,-,-,43,22.63%,$616.22,-,3.14%,196,5,"$1,938.51",$60.85,$49.21,$1.74,$59.11,2026
B01JWOOKDC,"1,588",-,-,128,8.06%,"$2,156.07",-,3.36%,128,19,"$2,156.07",$72.39,$279.70,$13.50,$58.89,2026
B0DLQHMQZG,205,-,-,72,35.12%,"$1,049.79",-,3.07%,126,7,"$2,181.87",$66.98,$258.30,$9.46,$57.52,2026
B0BS9YZX8Y,"1,784",-,-,95,5.33%,"$1,843.05",-,3.25%,98,4,"$1,871.99",$60.78,$130.93,$4.05,$56.73,2026
B0FCFWS6JH,"1,290",-,-,129,10.00%,"$1,952.03",-,3.04%,129,4,"$1,952.03",$59.40,$93.96,$3.76,$55.64,2026
B0DCB736YM,921,-,-,50,5.43%,$998.87,-,3.10%,103,10,"$2,053.84",$63.66,$237.61,$8.16,$55.50,2026
B0DSZH629G,"1,301",-,-,125,9.61%,"$1,840.22",-,3.23%,124,5,"$1,837.58",$59.31,$123.19,$4.67,$54.64,2026
B0DH8Q4LBL,"1,141",-,-,117,10.25%,"$1,815.11",-,3.21%,116,8,"$1,808.71",$58.14,$148.73,$5.24,$52.90,2026
B0D71KL81M,"1,313",-,-,196,14.93%,"$2,541.51",-,2.26%,196,7,"$2,541.51",$57.52,$177.36,$6.26,$51.26,2026
1797204319,801,-,-,144,17.98%,"$1,416.09",-,3.87%,144,4,"$1,416.09",$54.75,$108.21,$4.36,$50.39,2026
B0D1PLY9YC,462,-,-,88,19.05%,"$1,290.53",-,3.20%,127,26,"$2,118.53",$67.82,$551.80,$18.05,$49.77,2026
B0BXKZ6GB7,"1,169",-,-,115,9.84%,"$1,698.20",-,2.87%,115,2,"$1,698.20",$48.72,$15.48,$0.52,$48.20,2026
B0C413Q1K8,"1,113",-,-,187,16.80%,"$1,876.62",-,2.45%,187,2,"$1,876.62",$46.06,$69.17,$2.08,$43.98,2026
B0FK16KQFF,779,-,-,86,11.04%,"$1,374.77",-,3.18%,123,15,"$1,953.86",$62.08,$564.66,$18.49,$43.59,2026
B07THFQS6Y,47,-,-,35,74.47%,$616.32,-,2.25%,177,11,"$2,307.74",$51.84,$307.11,$10.77,$41.07,2026
B0025UAJMW,"1,091",-,-,130,11.92%,"$1,888.69",-,2.38%,130,5,"$1,888.69",$44.95,$108.95,$4.10,$40.85,2026
B0F8PNJ1LX,82,-,-,50,60.98%,$747.72,-,2.41%,145,6,"$1,801.96",$43.48,$111.63,$3.79,$39.69,2026
B0025UA2J2,"1,112",-,-,158,14.21%,"$1,952.14",-,2.31%,156,15,"$1,931.26",$44.64,$252.82,$8.08,$36.56,2026
B0DTQDYTTW,975,-,-,146,14.97%,"$2,295.28",-,1.61%,145,7,"$2,280.19",$36.65,$210.97,$4.06,$32.59,2026
B0009IR3UI,600,-,-,238,39.67%,"$1,166.61",-,2.97%,166,0,$839.11,$24.96,$0.00,$0.00,$24.96,2026
B0D8VT7SWV,850,-,-,110,12.94%,"$3,553.58",-,2.84%,110,3,"$3,553.58",$100.93,$65.66,$2.63,$98.30,2026
B0G2ZMG22K,"1,072",-,-,73,6.81%,"$2,712.21",-,2.96%,73,1,"$2,712.21",$80.26,$11.62,$0.35,$79.91,2026
B0DHZT5M2H,"1,542",-,-,107,6.94%,"$2,290.14",-,3.37%,106,3,"$2,265.18",$76.27,$33.97,$1.11,$75.16,2026
B0097GKTO0,855,-,-,84,9.82%,"$2,593.65",-,3.01%,77,0,"$2,486.16",$74.86,$0.00,$0.00,$74.86,2026
B0FW1M4NVR,"1,045",-,-,75,7.18%,"$2,269.65",-,3.22%,74,6,"$2,246.57",$72.45,$122.60,$4.13,$68.32,2026
B0FJMLGJ9W,877,-,-,105,11.97%,"$1,979.02",-,3.36%,105,2,"$1,979.02",$66.46,$91.46,$3.06,$63.40,2026
B01K1J6Z94,"1,104",-,-,91,8.24%,"$2,082.81",-,3.06%,92,5,"$2,092.80",$63.97,$63.65,$2.04,$61.93,2026
B0DTZ4ZDWD,840,-,-,70,8.33%,"$1,892.55",-,3.24%,69,4,"$1,880.56",$61.02,$84.99,$2.72,$58.30,2026
B0BN26V4VG,"1,636",-,-,97,5.93%,"$2,098.44",-,3.04%,97,6,"$2,098.43",$63.73,$166.13,$5.82,$57.91,2026
B085HFHW42,535,-,-,93,17.38%,"$2,037.11",-,2.92%,93,2,"$2,037.11",$59.39,$41.98,$1.79,$57.60,2026
B0F2GF51ZH,995,-,-,116,11.66%,"$2,302.01",-,3.13%,115,11,"$2,293.02",$71.72,$367.63,$14.51,$57.21,2026
B0BMDNTSKB,"1,478",-,-,106,7.17%,"$1,896.25",-,3.18%,106,3,"$1,896.25",$60.24,$89.82,$3.59,$56.65,2026
B0CLP6KP2B,"1,741",-,-,107,6.15%,"$2,031.20",-,3.36%,104,6,"$1,907.23",$64.03,$196.82,$7.63,$56.40,2026
B0GGTMBL7X,978,-,-,114,11.66%,"$1,845.88",-,3.09%,114,1,"$1,845.88",$56.99,$17.99,$0.72,$56.27,2026
B0CJXKM6JY,"1,305",-,-,109,8.35%,"$1,931.03",-,2.96%,109,2,"$1,931.03",$57.16,$38.73,$1.26,$55.90,2026
HOBBYLOBBY,339,-,-,76,22.42%,"$1,797.78",-,3.19%,76,2,"$1,797.78",$57.42,$87.48,$3.02,$54.40,2026
B0DZGW5B4S,140,-,-,60,42.86%,"$1,446.96",-,3.16%,75,3,"$1,753.88",$55.45,$53.90,$1.10,$54.35,2026
B0009F4YR6,"1,003",-,-,85,8.47%,"$1,783.29",-,3.05%,85,1,"$1,783.29",$54.44,$6.99,$0.21,$54.23,2026
B07Q5K1RKJ,"1,373",-,-,100,7.28%,"$1,767.70",-,3.22%,100,4,"$1,767.70",$56.94,$80.85,$3.16,$53.78,2026
B0FMBQNSPG,646,-,-,80,12.38%,"$1,527.70",-,3.56%,78,1,"$1,503.78",$53.51,$7.99,$0.24,$53.27,2026
B0CBSZR9NF,97,-,-,42,43.30%,$762.75,-,3.27%,75,1,"$1,631.00",$53.39,$9.95,$0.30,$53.09,2026
B0CNKZ4RLL,730,-,-,77,10.55%,"$1,687.81",-,3.17%,77,3,"$1,687.81",$53.42,$63.31,$2.05,$51.37,2026
B0DP2PFGMH,888,-,-,109,12.27%,"$1,611.99",-,3.36%,109,7,"$1,611.99",$54.11,$80.17,$2.85,$51.26,2026
B0DHGNNV2R,"1,111",-,-,77,6.93%,"$1,565.24",-,3.39%,76,2,"$1,544.06",$52.32,$52.48,$2.00,$50.32,2026
B0F6V3SY9S,"1,132",-,-,88,7.77%,"$1,746.31",-,3.04%,88,4,"$1,746.31",$53.17,$81.00,$3.04,$50.13,2026
B0G67H96JP,724,-,-,88,12.15%,"$1,745.17",-,3.01%,84,1,"$1,700.80",$51.11,$35.99,$1.44,$49.67,2026
B00CQGTGXS,"1,194",-,-,103,8.63%,"$1,666.10",-,3.03%,103,2,"$1,666.10",$50.56,$24.17,$0.90,$49.66,2026
B0CTTXHWL4,930,-,-,91,9.78%,"$1,508.14",-,3.24%,91,0,"$1,508.14",$48.89,$0.00,$0.00,$48.89,2026
B01BQBE4ZS,970,-,-,96,9.90%,"$1,873.87",-,2.76%,93,3,"$1,840.90",$50.88,$66.93,$2.75,$48.13,2026
B00P2SL4TQ,"1,324",-,-,104,7.85%,"$1,702.04",-,3.28%,104,5,"$1,702.04",$55.85,$198.95,$7.96,$47.89,2026
B0CVP6WJMF,807,-,-,93,11.52%,"$1,642.49",-,3.16%,93,8,"$1,642.49",$51.85,$111.42,$4.29,$47.56,2026
63445190,636,-,-,77,12.11%,"$1,616.98",-,3.40%,76,5,"$1,605.04",$54.52,$174.19,$7.07,$47.45,2026
B0DQM4LNYV,909,-,-,87,9.57%,"$1,278.32",-,3.11%,101,4,"$1,583.06",$49.17,$48.67,$1.82,$47.35,2026
B0GC2HW7VR,"1,210",-,-,86,7.11%,"$1,514.38",-,3.17%,84,0,"$1,493.90",$47.30,$0.00,$0.00,$47.30,2026
B0D8XLC5TR,859,-,-,77,8.96%,"$1,680.91",-,2.87%,77,4,"$1,680.91",$48.16,$48.96,$1.61,$46.55,2026
B09BFXB9N6,"1,304",-,-,92,7.06%,"$1,790.42",-,2.76%,90,2,"$1,710.73",$47.29,$41.98,$1.46,$45.83,2026
B07H64LTNN,"1,202",-,-,103,8.57%,"$1,690.21",-,2.82%,103,2,"$1,690.21",$47.71,$59.68,$2.14,$45.57,2026
B0FGCFWFWR,827,-,-,84,10.16%,"$1,607.76",-,3.00%,83,6,"$1,580.00",$47.39,$60.06,$2.08,$45.31,2026
B0CLYB9JL4,847,-,-,73,8.62%,"$1,554.89",-,2.94%,73,1,"$1,554.89",$45.77,$18.23,$0.55,$45.22,2026
B0FHB9B53J,"1,390",-,-,74,5.32%,"$1,679.58",-,3.04%,69,5,"$1,616.87",$49.11,$112.96,$3.91,$45.20,2026
B0D8SD9WZH,711,-,-,65,9.14%,"$1,607.38",-,3.17%,65,7,"$1,607.38",$50.88,$167.42,$6.24,$44.64,2026
B0FL7L7NPD,64,-,-,31,48.44%,$438.53,-,2.93%,96,2,"$1,483.91",$43.55,$11.98,$0.36,$43.19,2026
B08P53Z1GK,801,-,-,77,9.61%,"$1,227.49",-,3.70%,77,5,"$1,227.49",$45.38,$58.97,$2.31,$43.07,2026
B000J07BRQ,589,-,-,93,15.79%,"$1,381.99",-,3.65%,93,10,"$1,381.99",$50.51,$240.96,$8.41,$42.10,2026
B0DCD2FH7Y,849,-,-,101,11.90%,"$1,626.46",-,2.91%,101,7,"$1,626.46",$47.25,$150.93,$5.26,$41.99,2026
B0CLHD2HHP,962,-,-,73,7.59%,"$1,273.65",-,3.52%,72,1,"$1,173.67",$41.26,$23.98,$0.96,$40.30,2026
B08P53HWGP,"1,018",-,-,74,7.27%,"$1,281.65",-,3.12%,74,0,"$1,281.65",$39.96,$0.00,$0.00,$39.96,2026
B0FHX3R5GX,146,-,-,63,43.15%,"$1,013.88",-,2.78%,93,3,"$1,556.94",$43.36,$145.37,$4.36,$39.00,2026
B0D84T68G6,605,-,-,73,12.07%,"$1,045.50",-,3.96%,73,4,"$1,045.50",$41.44,$70.45,$3.03,$38.41,2026
B0F67FW29L,758,-,-,95,12.53%,"$1,442.21",-,3.09%,77,0,"$1,240.23",$38.31,$0.00,$0.00,$38.31,2026
B0CT7HZJ3R,882,-,-,75,8.50%,"$1,324.34",-,3.17%,75,3,"$1,324.34",$42.02,$118.06,$4.00,$38.02,2026
B0G2365DPR,438,-,-,78,17.81%,"$1,214.26",-,3.26%,78,3,"$1,214.26",$39.55,$58.60,$2.34,$37.21,2026
B0G5YWMQDT,"1,908",-,-,90,4.72%,"$1,458.89",-,3.08%,90,8,"$1,458.89",$44.96,$235.66,$8.76,$36.20,2026
B0FVXVQ824,841,-,-,72,8.56%,"$1,193.74",-,3.03%,72,1,"$1,193.74",$36.18,$6.99,$0.28,$35.90,2026
B0C68MD94X,642,-,-,75,11.68%,"$1,245.43",-,3.21%,74,3,"$1,239.01",$39.78,$99.12,$3.96,$35.82,2026
B0FJPNP9ZL,977,-,-,98,10.03%,"$1,382.99",-,2.69%,98,2,"$1,382.99",$37.18,$43.08,$1.46,$35.72,2026
310747333,491,-,-,113,23.01%,"$1,116.81",-,3.59%,112,2,"$1,036.91",$37.20,$38.97,$1.62,$35.58,2026
B0BQM4RM4F,844,-,-,102,12.09%,"$1,221.48",-,3.20%,102,6,"$1,221.67",$39.05,$103.88,$3.76,$35.29,2026
B0G3CZ6SW1,"1,074",-,-,85,7.91%,"$1,246.04",-,2.83%,85,1,"$1,246.04",$35.30,$13.99,$0.56,$34.74,2026
B0CL9R7R8N,956,-,-,69,7.22%,"$1,121.13",-,3.30%,68,3,"$1,112.66",$36.71,$58.97,$1.97,$34.74,2026
B0CM3NGMZQ,"1,090",-,-,77,7.06%,"$1,324.14",-,2.91%,74,3,"$1,280.77",$37.23,$72.28,$2.89,$34.34,2026
B0G457ZBW2,788,-,-,89,11.29%,"$1,317.41",-,2.99%,89,10,"$1,317.41",$39.40,$148.39,$5.28,$34.12,2026
B09ZN1FQ4F,"1,072",-,-,73,6.81%,"$1,141.13",-,2.99%,73,1,"$1,142.48",$34.16,$6.99,$0.28,$33.88,2026
B0DR3T9R39,437,-,-,70,16.02%,"$1,096.67",-,3.21%,69,2,"$1,085.68",$34.86,$64.63,$1.14,$33.72,2026
B0747ZC625,391,-,-,119,30.43%,"$1,568.62",-,1.92%,139,1,"$1,785.34",$34.27,$15.97,$0.64,$33.63,2026
B013RQPB5C,709,-,-,94,13.26%,"$1,176.27",-,3.21%,94,5,"$1,176.27",$37.72,$100.78,$4.84,$32.88,2026
B0CRV4GWQZ,559,-,-,77,13.77%,"$1,096.64",-,2.89%,77,1,"$1,096.64",$31.64,$24.99,$0.75,$30.89,2026
B0DTLVMFG4,540,-,-,75,13.89%,"$1,067.90",-,3.12%,71,0,$981.54,$30.63,$0.00,$0.00,$30.63,2026
B09QL1YT41,776,-,-,67,8.63%,"$1,042.07",-,3.23%,66,6,"$1,035.08",$33.48,$76.86,$3.09,$30.39,2026
B0DRDJZS82,670,-,-,73,10.90%,"$1,111.14",-,2.87%,73,6,"$1,111.14",$31.88,$40.11,$1.51,$30.37,2026
62414135,442,-,-,86,19.46%,$795.42,-,3.77%,85,1,$787.64,$29.68,$7.78,$0.35,$29.33,2026
B0DNZ5MHDR,849,-,-,79,9.31%,"$1,147.38",-,2.94%,79,4,"$1,147.38",$33.75,$136.96,$4.75,$29.00,2026
B0BP5ZQ879,538,-,-,68,12.64%,$949.89,-,3.07%,68,3,$964.56,$29.62,$41.97,$1.68,$27.94,2026
B0D6D4K2G8,"1,022",-,-,81,7.93%,"$1,145.56",-,2.38%,81,0,"$1,145.56",$27.31,$0.00,$0.00,$27.31,2026
B0DQDWMB92,751,-,-,76,10.12%,$951.08,-,3.00%,75,0,$911.01,$27.31,$0.00,$0.00,$27.31,2026
B0DK2B8F3P,470,-,-,67,14.26%,$908.05,-,3.29%,67,7,$908.05,$29.91,$75.39,$3.25,$26.66,2026
B0FMYST4JS,683,-,-,58,8.49%,$867.83,-,3.15%,58,2,$867.83,$27.30,$23.48,$0.86,$26.44,2026
B0CNR9XYP4,577,-,-,73,12.65%,$945.77,-,3.13%,73,2,$945.77,$29.61,$83.99,$3.17,$26.44,2026
B0CP42KX1R,466,-,-,95,20.39%,$908.66,-,2.97%,95,1,$908.66,$27.01,$32.45,$1.30,$25.71,2026
B0BNNVT2VH,562,-,-,82,14.59%,"$1,125.41",-,2.10%,91,3,"$1,339.38",$28.18,$83.97,$2.72,$25.46,2026
B07THDP4KZ,10,-,-,24,240.00%,$352.11,-,2.34%,77,4,"$1,140.65",$26.71,$71.87,$1.92,$24.79,2026
B0DYLBWV95,457,-,-,84,18.38%,"$1,205.40",-,2.06%,84,1,"$1,205.40",$24.86,$9.80,$0.10,$24.76,2026
B07ZGHZVRY,928,-,-,81,8.73%,"$1,031.88",-,2.41%,81,1,"$1,031.88",$24.84,$17.85,$0.71,$24.13,2026
B0DPR78B37,660,-,-,76,11.52%,"$1,035.89",-,2.39%,73,0,"$1,000.82",$23.87,$0.00,$0.00,$23.87,2026
B096T141KR,471,-,-,119,25.27%,$903.61,-,2.81%,119,3,$903.61,$25.38,$89.89,$3.10,$22.28,2026
B0FMFBRTWT,35,-,-,19,54.29%,$356.67,-,3.13%,51,15,"$1,174.18",$36.80,$439.69,$14.52,$22.28,2026
310747511,369,-,-,86,23.31%,$603.26,-,3.52%,86,1,$603.26,$21.24,$7.19,$0.29,$20.95,2026
B09MVMNW5M,350,-,-,80,22.86%,$737.81,-,2.68%,80,0,$737.81,$19.79,$0.00,$0.00,$19.79,2026
B0CSP8J6BM,343,-,-,72,20.99%,$699.16,-,2.84%,72,3,$699.16,$19.86,$11.91,$0.12,$19.74,2026
B0DL2LVM8Z,767,-,-,114,14.86%,"$1,124.70",-,1.79%,114,3,"$1,124.70",$20.18,$19.85,$0.73,$19.45,2026
B0FCHNHX17,805,-,-,63,7.83%,$888.11,-,2.88%,65,13,$911.09,$26.26,$221.54,$7.27,$18.99,2026
B00HC7633C,764,-,-,82,10.73%,$998.21,-,2.21%,75,3,$927.21,$20.51,$99.47,$3.06,$17.45,2026
B0F1CF2XP5,318,-,-,118,37.11%,$834.66,-,2.68%,118,6,$834.66,$22.36,$142.51,$5.70,$16.66,2026
B0DTBZJLLZ,381,-,-,64,16.80%,$616.59,-,3.18%,64,2,$616.59,$19.59,$76.43,$3.06,$16.53,2026
B0BL42J9P9,54,-,-,29,53.70%,$452.33,-,1.68%,88,1,"$1,021.07",$17.11,$19.99,$0.60,$16.51,2026
B00L3LAK7S,52,-,-,30,57.69%,$394.81,-,1.79%,89,0,$911.19,$16.33,$0.00,$0.00,$16.33,2026
B004FEGLO6,723,-,-,73,10.10%,$838.69,-,2.10%,73,2,$838.69,$17.58,$55.98,$2.24,$15.34,2026
B00G2XNSWQ,506,-,-,60,11.86%,$745.46,-,2.12%,71,8,$839.27,$17.79,$163.39,$5.67,$12.12,2026
B003MXMCEY,334,-,-,71,21.26%,$361.51,-,3.34%,71,2,$361.51,$12.06,$1.16,$0.04,$12.02,2026
B0BH45SNRM,850,-,-,25,2.94%,$303.32,-,3.13%,29,0,$328.39,$10.27,$0.00,$0.00,$10.27,2026